i,t,Vc,Vr,Ir
1,0,0.02,-0.0176,-0.014666667
2,0.000004,0.044,-0.0168,-0.014
3,0.000008,0.068,-0.0176,-0.014666667
4,0.000012,0.096,-0.016,-0.013333333
5,0.000016,0.128,-0.0152,-0.012666667
6,0.00002,0.156,-0.0136,-0.011333333
7,0.000024,0.188,-0.0128,-0.010666667
8,0.000028,0.22,-0.012,-0.01
9,0.000032,0.248,-0.0096,-0.008
10,0.000036,0.276,-0.0088,-0.007333333
11,0.00004,0.304,-0.0072,-0.006
12,0.000044,0.332,-0.0056,-0.004666667
13,0.000048,0.36,-0.0032,-0.002666667
14,0.000052,0.384,-0.0016,-0.001333333
15,0.000056,0.412,0.0008,0.000666667
16,0.00006,0.436,0.0032,0.002666667
17,0.000064,0.46,0.0048,0.004
18,0.000068,0.484,0.0064,0.005333333
19,0.000072,0.504,0.0096,0.008
20,0.000076,0.524,0.0104,0.008666667
21,0.00008,0.544,0.0128,0.010666667
22,0.000084,0.564,0.0144,0.012
23,0.000088,0.58,0.0184,0.015333333
24,0.000092,0.6,0.0192,0.016
25,0.000096,0.616,0.0232,0.019333333
26,0.0001,0.632,0.0264,0.022
27,0.000104,0.648,0.028,0.023333333
28,0.000108,0.656,0.0304,0.025333333
29,0.000112,0.672,0.0328,0.027333333
30,0.000116,0.684,0.036,0.03
31,0.00012,0.696,0.0384,0.032
32,0.000124,0.704,0.0408,0.034
33,0.000128,0.712,0.0424,0.035333333
34,0.000132,0.72,0.0456,0.038
35,0.000136,0.728,0.048,0.04
36,0.00014,0.736,0.0504,0.042
37,0.000144,0.74,0.0536,0.044666667
38,0.000148,0.744,0.0568,0.047333333
39,0.000152,0.748,0.0592,0.049333333
40,0.000156,0.752,0.0608,0.050666667
41,0.00016,0.752,0.064,0.053333333
42,0.000164,0.752,0.0664,0.055333333
43,0.000168,0.752,0.068,0.056666667
44,0.000172,0.752,0.0704,0.058666667
45,0.000176,0.752,0.0728,0.060666667
46,0.00018,0.748,0.0744,0.062
47,0.000184,0.748,0.0776,0.064666667
48,0.000188,0.744,0.0784,0.065333333
49,0.000192,0.736,0.0808,0.067333333
50,0.000196,0.732,0.0832,0.069333333
51,0.0002,0.728,0.0848,0.070666667
52,0.000204,0.72,0.0872,0.072666667
53,0.000208,0.712,0.0896,0.074666667
54,0.000212,0.704,0.0912,0.076
55,0.000216,0.696,0.0928,0.077333333
56,0.00022,0.688,0.0936,0.078
57,0.000224,0.68,0.0952,0.079333333
58,0.000228,0.672,0.0976,0.081333333
59,0.000232,0.66,0.0984,0.082
60,0.000236,0.652,0.1008,0.084
61,0.00024,0.636,0.1016,0.084666667
62,0.000244,0.628,0.1032,0.086
63,0.000248,0.616,0.1048,0.087333333
64,0.000252,0.604,0.1048,0.087333333
65,0.000256,0.588,0.1056,0.088
66,0.00026,0.576,0.108,0.09
67,0.000264,0.564,0.1088,0.090666667
68,0.000268,0.552,0.1088,0.090666667
69,0.000272,0.532,0.1096,0.091333333
70,0.000276,0.524,0.1104,0.092
71,0.00028,0.508,0.1112,0.092666667
72,0.000284,0.492,0.1112,0.092666667
73,0.000288,0.48,0.1128,0.094
74,0.000292,0.468,0.112,0.093333333
75,0.000296,0.448,0.1128,0.094
76,0.0003,0.432,0.112,0.093333333
77,0.000304,0.42,0.1128,0.094
78,0.000308,0.408,0.1136,0.094666667
79,0.000312,0.392,0.1136,0.094666667
80,0.000316,0.38,0.1136,0.094666667
81,0.00032,0.364,0.1144,0.095333333
82,0.000324,0.348,0.1128,0.094
83,0.000328,0.336,0.1112,0.092666667
84,0.000332,0.32,0.1128,0.094
85,0.000336,0.308,0.112,0.093333333
86,0.00034,0.296,0.1104,0.092
87,0.000344,0.28,0.1112,0.092666667
88,0.000348,0.268,0.1096,0.091333333
89,0.000352,0.252,0.1088,0.090666667
90,0.000356,0.24,0.1096,0.091333333
91,0.00036,0.228,0.108,0.09
92,0.000364,0.216,0.108,0.09
93,0.000368,0.208,0.108,0.09
94,0.000372,0.196,0.1064,0.088666667
95,0.000376,0.184,0.1056,0.088
96,0.00038,0.168,0.1048,0.087333333
97,0.000384,0.164,0.104,0.086666667
98,0.000388,0.148,0.1032,0.086
99,0.000392,0.14,0.1024,0.085333333
100,0.000396,0.132,0.1008,0.084
101,0.0004,0.124,0.1,0.083333333
102,0.000404,0.112,0.0992,0.082666667
103,0.000408,0.104,0.0976,0.081333333
104,0.000412,0.096,0.0968,0.080666667
105,0.000416,0.088,0.0968,0.080666667
106,0.00042,0.084,0.0952,0.079333333
107,0.000424,0.076,0.0944,0.078666667
108,0.000428,0.072,0.0912,0.076
109,0.000432,0.064,0.0912,0.076
110,0.000436,0.06,0.0904,0.075333333
111,0.00044,0.056,0.0888,0.074
112,0.000444,0.048,0.088,0.073333333
113,0.000448,0.044,0.0864,0.072
114,0.000452,0.04,0.0856,0.071333333
115,0.000456,0.04,0.0848,0.070666667
116,0.00046,0.036,0.0824,0.068666667
117,0.000464,0.032,0.0808,0.067333333
118,0.000468,0.032,0.0808,0.067333333
119,0.000472,0.032,0.0784,0.065333333
120,0.000476,0.028,0.0784,0.065333333
121,0.00048,0.028,0.0776,0.064666667
122,0.000484,0.024,0.076,0.063333333
123,0.000488,0.024,0.0752,0.062666667
124,0.000492,0.028,0.0752,0.062666667
125,0.000496,0.028,0.0728,0.060666667
126,0.0005,0.032,0.072,0.06
127,0.000504,0.028,0.072,0.06
128,0.000508,0.028,0.0704,0.058666667
129,0.000512,0.032,0.0688,0.057333333
130,0.000516,0.032,0.0664,0.055333333
131,0.00052,0.036,0.0672,0.056
132,0.000524,0.04,0.0664,0.055333333
133,0.000528,0.044,0.0656,0.054666667
134,0.000532,0.044,0.0632,0.052666667
135,0.000536,0.048,0.064,0.053333333
136,0.00054,0.052,0.0632,0.052666667
137,0.000544,0.056,0.0624,0.052
138,0.000548,0.06,0.0616,0.051333333
139,0.000552,0.064,0.0608,0.050666667
140,0.000556,0.068,0.0592,0.049333333
141,0.00056,0.076,0.0592,0.049333333
142,0.000564,0.076,0.0584,0.048666667
143,0.000568,0.08,0.0584,0.048666667
144,0.000572,0.088,0.0568,0.047333333
145,0.000576,0.092,0.056,0.046666667
146,0.00058,0.1,0.0568,0.047333333
147,0.000584,0.104,0.0568,0.047333333
148,0.000588,0.112,0.0576,0.048
149,0.000592,0.12,0.0552,0.046
150,0.000596,0.124,0.0552,0.046
151,0.0006,0.128,0.0552,0.046
152,0.000604,0.132,0.0552,0.046
153,0.000608,0.14,0.0552,0.046
154,0.000612,0.148,0.0552,0.046
155,0.000616,0.152,0.0536,0.044666667
156,0.00062,0.16,0.0544,0.045333333
157,0.000624,0.168,0.0544,0.045333333
158,0.000628,0.172,0.0544,0.045333333
159,0.000632,0.18,0.0536,0.044666667
160,0.000636,0.188,0.0528,0.044
161,0.00064,0.192,0.0536,0.044666667
162,0.000644,0.196,0.0552,0.046
163,0.000648,0.204,0.0544,0.045333333
164,0.000652,0.208,0.0544,0.045333333
165,0.000656,0.216,0.0536,0.044666667
166,0.00066,0.22,0.0544,0.045333333
167,0.000664,0.228,0.0544,0.045333333
168,0.000668,0.236,0.0552,0.046
169,0.000672,0.236,0.0552,0.046
170,0.000676,0.244,0.0552,0.046
171,0.00068,0.252,0.0552,0.046
172,0.000684,0.252,0.056,0.046666667
173,0.000688,0.26,0.056,0.046666667
174,0.000692,0.264,0.0568,0.047333333
175,0.000696,0.268,0.0568,0.047333333
176,0.0007,0.276,0.0576,0.048
177,0.000704,0.276,0.0576,0.048
178,0.000708,0.284,0.0584,0.048666667
179,0.000712,0.284,0.0592,0.049333333
180,0.000716,0.292,0.0592,0.049333333
181,0.00072,0.296,0.0608,0.050666667
182,0.000724,0.3,0.06,0.05
183,0.000728,0.3,0.06,0.05
184,0.000732,0.308,0.0608,0.050666667
185,0.000736,0.308,0.0616,0.051333333
186,0.00074,0.312,0.0616,0.051333333
187,0.000744,0.316,0.0624,0.052
188,0.000748,0.316,0.0632,0.052666667
189,0.000752,0.32,0.0632,0.052666667
190,0.000756,0.32,0.0648,0.054
191,0.00076,0.324,0.064,0.053333333
192,0.000764,0.324,0.0648,0.054
193,0.000768,0.328,0.0656,0.054666667
194,0.000772,0.332,0.0656,0.054666667
195,0.000776,0.332,0.0664,0.055333333
196,0.00078,0.332,0.0664,0.055333333
197,0.000784,0.332,0.0672,0.056
198,0.000788,0.34,0.068,0.056666667
199,0.000792,0.332,0.068,0.056666667
200,0.000796,0.336,0.0688,0.057333333
201,0.0008,0.336,0.0696,0.058
202,0.000804,0.336,0.0696,0.058
203,0.000808,0.336,0.0704,0.058666667
204,0.000812,0.336,0.0712,0.059333333
205,0.000816,0.336,0.0704,0.058666667
206,0.00082,0.336,0.0712,0.059333333
207,0.000824,0.336,0.0712,0.059333333
208,0.000828,0.332,0.0712,0.059333333
209,0.000832,0.336,0.0728,0.060666667
210,0.000836,0.332,0.0728,0.060666667
211,0.00084,0.332,0.0736,0.061333333
212,0.000844,0.332,0.0736,0.061333333
213,0.000848,0.328,0.0736,0.061333333
214,0.000852,0.324,0.0744,0.062
215,0.000856,0.328,0.0736,0.061333333
216,0.00086,0.324,0.0744,0.062
217,0.000864,0.324,0.0752,0.062666667
218,0.000868,0.324,0.076,0.063333333
219,0.000872,0.32,0.076,0.063333333
220,0.000876,0.316,0.076,0.063333333
221,0.00088,0.316,0.0752,0.062666667
222,0.000884,0.312,0.0768,0.064
223,0.000888,0.308,0.0768,0.064
224,0.000892,0.308,0.076,0.063333333
225,0.000896,0.304,0.0776,0.064666667
226,0.0009,0.3,0.0768,0.064
227,0.000904,0.304,0.0776,0.064666667
228,0.000908,0.296,0.0768,0.064
229,0.000912,0.296,0.0776,0.064666667
230,0.000916,0.292,0.0776,0.064666667
231,0.00092,0.288,0.0776,0.064666667
232,0.000924,0.288,0.0776,0.064666667
233,0.000928,0.284,0.0776,0.064666667
234,0.000932,0.284,0.0776,0.064666667
235,0.000936,0.28,0.0784,0.065333333
236,0.00094,0.276,0.0776,0.064666667
237,0.000944,0.272,0.0776,0.064666667
238,0.000948,0.272,0.0784,0.065333333
239,0.000952,0.268,0.0776,0.064666667
240,0.000956,0.268,0.0776,0.064666667
241,0.00096,0.264,0.0792,0.066
242,0.000964,0.26,0.0768,0.064
243,0.000968,0.26,0.0776,0.064666667
244,0.000972,0.256,0.0776,0.064666667
245,0.000976,0.252,0.0776,0.064666667
246,0.00098,0.252,0.0776,0.064666667
247,0.000984,0.248,0.0768,0.064
248,0.000988,0.244,0.0776,0.064666667
249,0.000992,0.244,0.0776,0.064666667
250,0.000996,0.244,0.0768,0.064
251,0.001,0.24,0.0776,0.064666667
252,0.001004,0.236,0.0776,0.064666667
253,0.001008,0.236,0.076,0.063333333
254,0.001012,0.232,0.0768,0.064
255,0.001016,0.232,0.0776,0.064666667
256,0.00102,0.228,0.0768,0.064
257,0.001024,0.224,0.076,0.063333333
258,0.001028,0.224,0.076,0.063333333
259,0.001032,0.224,0.0752,0.062666667
260,0.001036,0.22,0.0752,0.062666667
261,0.00104,0.22,0.0752,0.062666667
262,0.001044,0.22,0.0752,0.062666667
263,0.001048,0.22,0.0744,0.062
264,0.001052,0.216,0.0744,0.062
265,0.001056,0.216,0.0744,0.062
266,0.00106,0.212,0.0736,0.061333333
267,0.001064,0.212,0.0736,0.061333333
268,0.001068,0.212,0.0736,0.061333333
269,0.001072,0.208,0.0728,0.060666667
270,0.001076,0.208,0.0744,0.062
271,0.00108,0.208,0.0728,0.060666667
272,0.001084,0.208,0.0728,0.060666667
273,0.001088,0.204,0.0728,0.060666667
274,0.001092,0.208,0.072,0.06
275,0.001096,0.204,0.072,0.06
276,0.0011,0.208,0.072,0.06
277,0.001104,0.204,0.0712,0.059333333
278,0.001108,0.204,0.0728,0.060666667
279,0.001112,0.204,0.0712,0.059333333
280,0.001116,0.204,0.0704,0.058666667
281,0.00112,0.204,0.0712,0.059333333
282,0.001124,0.204,0.0712,0.059333333
283,0.001128,0.204,0.0704,0.058666667
284,0.001132,0.204,0.0704,0.058666667
285,0.001136,0.204,0.0688,0.057333333
286,0.00114,0.204,0.0704,0.058666667
287,0.001144,0.204,0.0696,0.058
288,0.001148,0.208,0.0696,0.058
289,0.001152,0.204,0.0688,0.057333333
290,0.001156,0.204,0.0688,0.057333333
291,0.00116,0.208,0.0688,0.057333333
292,0.001164,0.208,0.0688,0.057333333
293,0.001168,0.204,0.0688,0.057333333
294,0.001172,0.208,0.0672,0.056
295,0.001176,0.212,0.0688,0.057333333
296,0.00118,0.208,0.068,0.056666667
297,0.001184,0.208,0.068,0.056666667
298,0.001188,0.208,0.068,0.056666667
299,0.001192,0.208,0.0672,0.056
300,0.001196,0.212,0.0664,0.055333333
301,0.0012,0.212,0.0672,0.056
302,0.001204,0.216,0.0672,0.056
303,0.001208,0.216,0.0664,0.055333333
304,0.001212,0.216,0.0672,0.056
305,0.001216,0.22,0.0664,0.055333333
306,0.00122,0.22,0.0664,0.055333333
307,0.001224,0.224,0.0672,0.056
308,0.001228,0.22,0.0648,0.054
309,0.001232,0.22,0.0664,0.055333333
310,0.001236,0.22,0.0664,0.055333333
311,0.00124,0.224,0.0664,0.055333333
312,0.001244,0.224,0.0656,0.054666667
313,0.001248,0.228,0.0672,0.056
314,0.001252,0.228,0.0664,0.055333333
315,0.001256,0.228,0.0664,0.055333333
316,0.00126,0.232,0.0672,0.056
317,0.001264,0.232,0.0664,0.055333333
318,0.001268,0.232,0.0664,0.055333333
319,0.001272,0.236,0.0664,0.055333333
320,0.001276,0.236,0.0664,0.055333333
321,0.00128,0.236,0.0656,0.054666667
322,0.001284,0.236,0.0664,0.055333333
323,0.001288,0.24,0.0664,0.055333333
324,0.001292,0.236,0.0656,0.054666667
325,0.001296,0.24,0.0664,0.055333333
326,0.0013,0.24,0.0664,0.055333333
327,0.001304,0.24,0.0664,0.055333333
328,0.001308,0.244,0.0664,0.055333333
329,0.001312,0.244,0.0664,0.055333333
330,0.001316,0.248,0.0664,0.055333333
331,0.00132,0.248,0.0664,0.055333333
332,0.001324,0.244,0.0672,0.056
333,0.001328,0.248,0.0664,0.055333333
334,0.001332,0.252,0.0672,0.056
335,0.001336,0.252,0.0672,0.056
336,0.00134,0.248,0.0672,0.056
337,0.001344,0.252,0.0664,0.055333333
338,0.001348,0.248,0.0664,0.055333333
339,0.001352,0.252,0.0672,0.056
340,0.001356,0.256,0.0672,0.056
341,0.00136,0.252,0.0664,0.055333333
342,0.001364,0.252,0.0672,0.056
343,0.001368,0.256,0.0664,0.055333333
344,0.001372,0.256,0.0664,0.055333333
345,0.001376,0.256,0.0672,0.056
346,0.00138,0.256,0.068,0.056666667
347,0.001384,0.256,0.068,0.056666667
348,0.001388,0.26,0.0672,0.056
349,0.001392,0.256,0.068,0.056666667
350,0.001396,0.26,0.0672,0.056
351,0.0014,0.256,0.0672,0.056
352,0.001404,0.26,0.068,0.056666667
353,0.001408,0.256,0.068,0.056666667
354,0.001412,0.26,0.0672,0.056
355,0.001416,0.26,0.068,0.056666667
356,0.00142,0.26,0.0688,0.057333333
357,0.001424,0.26,0.068,0.056666667
358,0.001428,0.26,0.068,0.056666667
359,0.001432,0.26,0.068,0.056666667
360,0.001436,0.256,0.0688,0.057333333
361,0.00144,0.26,0.0688,0.057333333
362,0.001444,0.26,0.0704,0.058666667
363,0.001448,0.26,0.0688,0.057333333
364,0.001452,0.26,0.0688,0.057333333
365,0.001456,0.26,0.0688,0.057333333
366,0.00146,0.26,0.0688,0.057333333
367,0.001464,0.26,0.0688,0.057333333
368,0.001468,0.26,0.0688,0.057333333
369,0.001472,0.256,0.0696,0.058
370,0.001476,0.26,0.0704,0.058666667
371,0.00148,0.26,0.0688,0.057333333
372,0.001484,0.26,0.0688,0.057333333
373,0.001488,0.26,0.0688,0.057333333
374,0.001492,0.256,0.0696,0.058
375,0.001496,0.26,0.0688,0.057333333
376,0.0015,0.26,0.0704,0.058666667
377,0.001504,0.256,0.0696,0.058
378,0.001508,0.256,0.0696,0.058
379,0.001512,0.256,0.0696,0.058
380,0.001516,0.256,0.0696,0.058
381,0.00152,0.256,0.0696,0.058
382,0.001524,0.252,0.0696,0.058
383,0.001528,0.256,0.0696,0.058
384,0.001532,0.256,0.0696,0.058
385,0.001536,0.252,0.0704,0.058666667
386,0.00154,0.256,0.0696,0.058
387,0.001544,0.252,0.0696,0.058
388,0.001548,0.252,0.0704,0.058666667
389,0.001552,0.252,0.0696,0.058
390,0.001556,0.252,0.0704,0.058666667
391,0.00156,0.252,0.0696,0.058
392,0.001564,0.252,0.0696,0.058
393,0.001568,0.252,0.0696,0.058
394,0.001572,0.252,0.0696,0.058
395,0.001576,0.248,0.0704,0.058666667
396,0.00158,0.252,0.0704,0.058666667
397,0.001584,0.248,0.0704,0.058666667
398,0.001588,0.248,0.0696,0.058
399,0.001592,0.248,0.0688,0.057333333
400,0.001596,0.248,0.0688,0.057333333
401,0.0016,0.248,0.0696,0.058
402,0.001604,0.248,0.0696,0.058
403,0.001608,0.244,0.0696,0.058
404,0.001612,0.244,0.0696,0.058
405,0.001616,0.24,0.0696,0.058
406,0.00162,0.244,0.0696,0.058
407,0.001624,0.244,0.0688,0.057333333
408,0.001628,0.244,0.0688,0.057333333
409,0.001632,0.244,0.0688,0.057333333
410,0.001636,0.24,0.0688,0.057333333
411,0.00164,0.24,0.0688,0.057333333
412,0.001644,0.24,0.0696,0.058
413,0.001648,0.24,0.0696,0.058
414,0.001652,0.24,0.0688,0.057333333
415,0.001656,0.24,0.0688,0.057333333
416,0.00166,0.24,0.0688,0.057333333
417,0.001664,0.236,0.0688,0.057333333
418,0.001668,0.236,0.0696,0.058
419,0.001672,0.24,0.0688,0.057333333
420,0.001676,0.24,0.0696,0.058
421,0.00168,0.24,0.0688,0.057333333
422,0.001684,0.24,0.0688,0.057333333
423,0.001688,0.24,0.0688,0.057333333
424,0.001692,0.24,0.0688,0.057333333
425,0.001696,0.236,0.0688,0.057333333
426,0.0017,0.24,0.0696,0.058
427,0.001704,0.236,0.0688,0.057333333
428,0.001708,0.236,0.0688,0.057333333
429,0.001712,0.236,0.0696,0.058
430,0.001716,0.236,0.0688,0.057333333
431,0.00172,0.236,0.0688,0.057333333
432,0.001724,0.236,0.0688,0.057333333
433,0.001728,0.236,0.0688,0.057333333
434,0.001732,0.236,0.0672,0.056
435,0.001736,0.236,0.068,0.056666667
436,0.00174,0.236,0.068,0.056666667
437,0.001744,0.236,0.0672,0.056
438,0.001748,0.236,0.068,0.056666667
439,0.001752,0.236,0.0672,0.056
440,0.001756,0.236,0.068,0.056666667
441,0.00176,0.236,0.068,0.056666667
442,0.001764,0.236,0.068,0.056666667
443,0.001768,0.236,0.0688,0.057333333
444,0.001772,0.236,0.0672,0.056
445,0.001776,0.236,0.0672,0.056
446,0.00178,0.236,0.0688,0.057333333
447,0.001784,0.236,0.0672,0.056
448,0.001788,0.236,0.0672,0.056
449,0.001792,0.236,0.0688,0.057333333
450,0.001796,0.236,0.068,0.056666667
451,0.0018,0.236,0.068,0.056666667
452,0.001804,0.236,0.0672,0.056
453,0.001808,0.236,0.0664,0.055333333
454,0.001812,0.236,0.0688,0.057333333
455,0.001816,0.236,0.0672,0.056
456,0.00182,0.236,0.0664,0.055333333
457,0.001824,0.236,0.0664,0.055333333
458,0.001828,0.24,0.0672,0.056
459,0.001832,0.236,0.0664,0.055333333
460,0.001836,0.236,0.0672,0.056
461,0.00184,0.24,0.0664,0.055333333
462,0.001844,0.236,0.0664,0.055333333
463,0.001848,0.236,0.0672,0.056
464,0.001852,0.24,0.0672,0.056
465,0.001856,0.24,0.068,0.056666667
466,0.00186,0.24,0.0664,0.055333333
467,0.001864,0.24,0.0664,0.055333333
468,0.001868,0.236,0.0672,0.056
469,0.001872,0.24,0.0664,0.055333333
470,0.001876,0.24,0.0672,0.056
471,0.00188,0.236,0.0664,0.055333333
472,0.001884,0.24,0.0672,0.056
473,0.001888,0.244,0.0664,0.055333333
474,0.001892,0.24,0.0672,0.056
475,0.001896,0.24,0.0664,0.055333333
476,0.0019,0.24,0.0664,0.055333333
477,0.001904,0.244,0.0664,0.055333333
478,0.001908,0.24,0.0672,0.056
479,0.001912,0.24,0.0664,0.055333333
480,0.001916,0.244,0.0664,0.055333333
481,0.00192,0.24,0.0672,0.056
482,0.001924,0.244,0.0672,0.056
483,0.001928,0.244,0.0664,0.055333333
484,0.001932,0.244,0.068,0.056666667
485,0.001936,0.244,0.0664,0.055333333
486,0.00194,0.244,0.0664,0.055333333
487,0.001944,0.244,0.0664,0.055333333
488,0.001948,0.244,0.0664,0.055333333
489,0.001952,0.244,0.0672,0.056
490,0.001956,0.244,0.0672,0.056
491,0.00196,0.244,0.0672,0.056
492,0.001964,0.248,0.0664,0.055333333
493,0.001968,0.244,0.0664,0.055333333
494,0.001972,0.248,0.0672,0.056
495,0.001976,0.244,0.0664,0.055333333
496,0.00198,0.248,0.0672,0.056
497,0.001984,0.244,0.0664,0.055333333
498,0.001988,0.244,0.0664,0.055333333
499,0.001992,0.244,0.0672,0.056
500,0.001996,0.244,0.0664,0.055333333
501,0.002,0.244,0.0664,0.055333333
502,0.002004,0.244,0.0664,0.055333333
503,0.002008,0.244,0.0672,0.056
504,0.002012,0.248,0.0664,0.055333333
505,0.002016,0.248,0.0672,0.056
506,0.00202,0.248,0.0664,0.055333333
507,0.002024,0.248,0.0672,0.056
508,0.002028,0.248,0.0672,0.056
509,0.002032,0.244,0.0688,0.057333333
510,0.002036,0.248,0.0672,0.056
511,0.00204,0.248,0.0672,0.056
512,0.002044,0.248,0.0672,0.056
513,0.002048,0.248,0.0672,0.056
514,0.002052,0.244,0.0664,0.055333333
515,0.002056,0.248,0.0672,0.056
516,0.00206,0.248,0.0664,0.055333333
517,0.002064,0.248,0.0664,0.055333333
518,0.002068,0.248,0.0672,0.056
519,0.002072,0.248,0.068,0.056666667
520,0.002076,0.248,0.0672,0.056
521,0.00208,0.244,0.0672,0.056
522,0.002084,0.244,0.0664,0.055333333
523,0.002088,0.244,0.0664,0.055333333
524,0.002092,0.248,0.0664,0.055333333
525,0.002096,0.248,0.0664,0.055333333
526,0.0021,0.248,0.0664,0.055333333
527,0.002104,0.248,0.0664,0.055333333
528,0.002108,0.244,0.0664,0.055333333
529,0.002112,0.244,0.0664,0.055333333
530,0.002116,0.248,0.0664,0.055333333
531,0.00212,0.248,0.0672,0.056
532,0.002124,0.244,0.0664,0.055333333
533,0.002128,0.248,0.0672,0.056
534,0.002132,0.248,0.0664,0.055333333
535,0.002136,0.244,0.0672,0.056
536,0.00214,0.248,0.068,0.056666667
537,0.002144,0.244,0.0672,0.056
538,0.002148,0.244,0.0664,0.055333333
539,0.002152,0.248,0.0664,0.055333333
540,0.002156,0.248,0.068,0.056666667
541,0.00216,0.248,0.0672,0.056
542,0.002164,0.248,0.0664,0.055333333
543,0.002168,0.248,0.0672,0.056
544,0.002172,0.248,0.0672,0.056
545,0.002176,0.244,0.0664,0.055333333
546,0.00218,0.244,0.0672,0.056
547,0.002184,0.244,0.0672,0.056
548,0.002188,0.244,0.0672,0.056
549,0.002192,0.244,0.0664,0.055333333
550,0.002196,0.244,0.0664,0.055333333
551,0.0022,0.244,0.0672,0.056
552,0.002204,0.244,0.068,0.056666667
553,0.002208,0.244,0.0664,0.055333333
554,0.002212,0.244,0.0664,0.055333333
555,0.002216,0.244,0.0664,0.055333333
556,0.00222,0.24,0.0664,0.055333333
557,0.002224,0.244,0.0664,0.055333333
558,0.002228,0.244,0.0664,0.055333333
559,0.002232,0.244,0.0664,0.055333333
560,0.002236,0.244,0.0664,0.055333333
561,0.00224,0.244,0.0664,0.055333333
562,0.002244,0.244,0.0664,0.055333333
563,0.002248,0.244,0.0664,0.055333333
564,0.002252,0.244,0.0672,0.056
565,0.002256,0.244,0.0664,0.055333333
566,0.00226,0.244,0.0664,0.055333333
567,0.002264,0.244,0.0664,0.055333333
568,0.002268,0.244,0.0664,0.055333333
569,0.002272,0.244,0.0664,0.055333333
570,0.002276,0.24,0.0656,0.054666667
571,0.00228,0.244,0.0664,0.055333333
572,0.002284,0.244,0.0664,0.055333333
573,0.002288,0.244,0.0664,0.055333333
574,0.002292,0.244,0.0656,0.054666667
575,0.002296,0.24,0.0664,0.055333333
576,0.0023,0.24,0.0664,0.055333333
577,0.002304,0.24,0.0664,0.055333333
578,0.002308,0.244,0.0664,0.055333333
579,0.002312,0.244,0.0664,0.055333333
580,0.002316,0.24,0.0672,0.056
581,0.00232,0.24,0.0664,0.055333333
582,0.002324,0.24,0.0656,0.054666667
583,0.002328,0.244,0.0664,0.055333333
584,0.002332,0.24,0.0664,0.055333333
585,0.002336,0.24,0.0664,0.055333333
586,0.00234,0.244,0.0664,0.055333333
587,0.002344,0.24,0.0664,0.055333333
588,0.002348,0.24,0.0656,0.054666667
589,0.002352,0.24,0.0664,0.055333333
590,0.002356,0.244,0.0664,0.055333333
591,0.00236,0.24,0.0664,0.055333333
592,0.002364,0.24,0.0664,0.055333333
593,0.002368,0.244,0.0664,0.055333333
594,0.002372,0.24,0.0664,0.055333333
595,0.002376,0.244,0.0664,0.055333333
596,0.00238,0.24,0.0664,0.055333333
597,0.002384,0.24,0.0664,0.055333333
598,0.002388,0.24,0.0664,0.055333333
599,0.002392,0.24,0.0664,0.055333333
600,0.002396,0.24,0.0664,0.055333333
601,0.0024,0.24,0.0656,0.054666667
602,0.002404,0.24,0.0664,0.055333333
603,0.002408,0.244,0.0664,0.055333333
604,0.002412,0.244,0.0656,0.054666667
605,0.002416,0.24,0.0664,0.055333333
606,0.00242,0.244,0.0664,0.055333333
607,0.002424,0.244,0.0656,0.054666667
608,0.002428,0.24,0.0656,0.054666667
609,0.002432,0.24,0.0664,0.055333333
610,0.002436,0.24,0.0664,0.055333333
611,0.00244,0.244,0.0656,0.054666667
612,0.002444,0.244,0.0664,0.055333333
613,0.002448,0.244,0.0656,0.054666667
614,0.002452,0.24,0.0656,0.054666667
615,0.002456,0.244,0.0664,0.055333333
616,0.00246,0.24,0.0656,0.054666667
617,0.002464,0.24,0.0656,0.054666667
618,0.002468,0.244,0.0664,0.055333333
619,0.002472,0.244,0.0664,0.055333333
620,0.002476,0.244,0.0664,0.055333333
621,0.00248,0.244,0.0664,0.055333333
622,0.002484,0.244,0.0656,0.054666667
623,0.002488,0.244,0.0656,0.054666667
624,0.002492,0.244,0.0656,0.054666667
625,0.002496,0.24,0.0656,0.054666667
626,0.0025,0.244,0.0648,0.054
627,0.002504,0.24,0.0664,0.055333333
628,0.002508,0.244,0.0656,0.054666667
629,0.002512,0.24,0.0656,0.054666667
630,0.002516,0.244,0.0656,0.054666667
631,0.00252,0.244,0.0656,0.054666667
632,0.002524,0.244,0.0664,0.055333333
633,0.002528,0.244,0.0656,0.054666667
634,0.002532,0.244,0.0664,0.055333333
635,0.002536,0.244,0.0656,0.054666667
636,0.00254,0.244,0.0656,0.054666667
637,0.002544,0.244,0.0656,0.054666667
638,0.002548,0.244,0.0664,0.055333333
639,0.002552,0.24,0.0656,0.054666667
640,0.002556,0.244,0.0656,0.054666667
641,0.00256,0.244,0.0656,0.054666667
642,0.002564,0.244,0.0656,0.054666667
643,0.002568,0.244,0.0656,0.054666667
644,0.002572,0.244,0.0648,0.054
645,0.002576,0.244,0.0648,0.054
646,0.00258,0.244,0.0648,0.054
647,0.002584,0.244,0.0656,0.054666667
648,0.002588,0.244,0.0656,0.054666667
649,0.002592,0.244,0.0664,0.055333333
650,0.002596,0.244,0.0656,0.054666667
651,0.0026,0.244,0.0648,0.054
652,0.002604,0.244,0.0656,0.054666667
653,0.002608,0.244,0.0664,0.055333333
654,0.002612,0.244,0.0648,0.054
655,0.002616,0.244,0.0656,0.054666667
656,0.00262,0.24,0.0656,0.054666667
657,0.002624,0.244,0.0656,0.054666667
658,0.002628,0.244,0.0656,0.054666667
659,0.002632,0.244,0.0656,0.054666667
660,0.002636,0.244,0.0648,0.054
661,0.00264,0.244,0.0664,0.055333333
662,0.002644,0.244,0.0648,0.054
663,0.002648,0.244,0.0648,0.054
664,0.002652,0.244,0.0656,0.054666667
665,0.002656,0.244,0.0656,0.054666667
666,0.00266,0.244,0.064,0.053333333
667,0.002664,0.244,0.0656,0.054666667
668,0.002668,0.244,0.0648,0.054
669,0.002672,0.244,0.0664,0.055333333
670,0.002676,0.244,0.0648,0.054
671,0.00268,0.244,0.0656,0.054666667
672,0.002684,0.244,0.0656,0.054666667
673,0.002688,0.248,0.0656,0.054666667
674,0.002692,0.244,0.0664,0.055333333
675,0.002696,0.244,0.0648,0.054
676,0.0027,0.244,0.0656,0.054666667
677,0.002704,0.244,0.0656,0.054666667
678,0.002708,0.244,0.0664,0.055333333
679,0.002712,0.244,0.0648,0.054
680,0.002716,0.244,0.0648,0.054
681,0.00272,0.244,0.0648,0.054
682,0.002724,0.244,0.0656,0.054666667
683,0.002728,0.244,0.0656,0.054666667
684,0.002732,0.244,0.0648,0.054
685,0.002736,0.244,0.0648,0.054
686,0.00274,0.244,0.0656,0.054666667
687,0.002744,0.244,0.0648,0.054
688,0.002748,0.244,0.0648,0.054
689,0.002752,0.244,0.0656,0.054666667
690,0.002756,0.248,0.0648,0.054
691,0.00276,0.244,0.0648,0.054
692,0.002764,0.244,0.0648,0.054
693,0.002768,0.244,0.0656,0.054666667
694,0.002772,0.248,0.0656,0.054666667
695,0.002776,0.24,0.0648,0.054
696,0.00278,0.244,0.0656,0.054666667
697,0.002784,0.248,0.0648,0.054
698,0.002788,0.244,0.0656,0.054666667
699,0.002792,0.244,0.0656,0.054666667
