Record Length,2.500000e+03,,  -0.000000032000,   0.00000,
Sample Interval,2.000000e-10,,  -0.000000031800,   0.00000,
Trigger Point,1.600000000000e+02,,  -0.000000031600,   0.00000,
,,,  -0.000000031400,   0.00000,
,,,  -0.000000031200,   0.00000,
,,,  -0.000000031000,   0.00000,
Source,CH1,,  -0.000000030800,   0.08000,
Vertical Units,V,,  -0.000000030600,   0.08000,
Vertical Scale,2.000000e+00,,  -0.000000030400,   0.08000,
Vertical Offset,-4.000000e-01,,  -0.000000030200,   0.08000,
Horizontal Units,s,,  -0.000000030000,   0.08000,
Horizontal Scale,5.000000e-08,,  -0.000000029800,   0.08000,
Pt Fmt,Y,,  -0.000000029600,   0.08000,
Yzero,0.000000e+00,,  -0.000000029400,   0.08000,
Probe Atten,1.000000e+00,,  -0.000000029200,   0.08000,
Model Number,TDS2014B,,  -0.000000029000,   0.08000,
Serial Number,C010105,,  -0.000000028800,   0.08000,
Firmware Version,FV:v22.16,,  -0.000000028600,   0.08000,
,,,-00.000000028400,   0.08000,
,,,-00.000000028200,   0.08000,
,,,-00.000000028000,   0.08000,
,,,-00.000000027800,   0.08000,
,,,-00.000000027600,   0.08000,
,,,-00.000000027400,   0.08000,
,,,-00.000000027200,   0.08000,
,,,-00.000000027000,   0.08000,
,,,-00.000000026800,   0.08000,
,,,-00.000000026600,   0.08000,
,,,-00.000000026400,   0.08000,
,,,-00.000000026200,   0.08000,
,,,-00.000000026000,   0.08000,
,,,-00.000000025800,   0.08000,
,,,-00.000000025600,   0.08000,
,,,-00.000000025400,   0.08000,
,,,-00.000000025200,   0.08000,
,,,-00.000000025000,   0.08000,
,,,-00.000000024800,   0.08000,
,,,-00.000000024600,   0.00000,
,,,-00.000000024400,   0.00000,
,,,-00.000000024200,   0.00000,
,,,-00.000000024000,   0.00000,
,,,-00.000000023800,   0.00000,
,,,-00.000000023600,   0.00000,
,,,-00.000000023400,   0.00000,
,,,-00.000000023200,   0.00000,
,,,-00.000000023000,   0.00000,
,,,-00.000000022800,   0.08000,
,,,-00.000000022600,   0.08000,
,,,-00.000000022400,   0.08000,
,,,-00.000000022200,   0.08000,
,,,-00.000000022000,   0.08000,
,,,-00.000000021800,   0.08000,
,,,-00.000000021600,   0.00000,
,,,-00.000000021400,   0.00000,
,,,-00.000000021200,   0.00000,
,,,-00.000000021000,   0.00000,
,,,-00.000000020800,   0.00000,
,,,-00.000000020600,  -0.08000,
,,,-00.000000020400,  -0.08000,
,,,-00.000000020200,  -0.08000,
,,,-00.000000020000,  -0.08000,
,,,-00.000000019800,  -0.08000,
,,,-00.000000019600,  -0.08000,
,,,-00.000000019400,  -0.08000,
,,,-00.000000019200,  -0.08000,
,,,-00.000000019000,  -0.08000,
,,,-00.000000018800,   0.00000,
,,,-00.000000018600,   0.00000,
,,,-00.000000018400,   0.00000,
,,,-00.000000018200,   0.00000,
,,,-00.000000018000,   0.00000,
,,,-00.000000017800,   0.00000,
,,,-00.000000017600,   0.00000,
,,,-00.000000017400,   0.00000,
,,,-00.000000017200,   0.00000,
,,,-00.000000017000,   0.00000,
,,,-00.000000016800,   0.08000,
,,,-00.000000016600,   0.08000,
,,,-00.000000016400,   0.08000,
,,,-00.000000016200,   0.08000,
,,,-00.000000016000,   0.08000,
,,,-00.000000015800,   0.08000,
,,,-00.000000015600,   0.08000,
,,,-00.000000015400,   0.08000,
,,,-00.000000015200,   0.08000,
,,,-00.000000015000,   0.08000,
,,,-00.000000014800,   0.16000,
,,,-00.000000014600,   0.08000,
,,,-00.000000014400,   0.08000,
,,,-00.000000014200,   0.08000,
,,,-00.000000014000,   0.08000,
,,,-00.000000013800,   0.08000,
,,,-00.000000013600,   0.08000,
,,,-00.000000013400,   0.08000,
,,,-00.000000013200,   0.08000,
,,,-00.000000013000,   0.08000,
,,,-00.000000012800,   0.16000,
,,,-00.000000012600,   0.16000,
,,,-00.000000012400,   0.16000,
,,,-00.000000012200,   0.16000,
,,,-00.000000012000,   0.16000,
,,,-00.000000011800,   0.16000,
,,,-00.000000011600,   0.08000,
,,,-00.000000011400,   0.08000,
,,,-00.000000011200,   0.08000,
,,,-00.000000011000,   0.08000,
,,,-00.000000010800,   0.08000,
,,,-00.000000010600,   0.08000,
,,,-00.000000010400,   0.08000,
,,,-00.000000010200,   0.08000,
,,,-00.000000010000,   0.08000,
,,,-00.000000009800,   0.16000,
,,,-00.000000009600,   0.16000,
,,,-00.000000009400,   0.16000,
,,,-00.000000009200,   0.16000,
,,,-00.000000009000,   0.16000,
,,,-00.000000008800,   0.16000,
,,,-00.000000008600,   0.16000,
,,,-00.000000008400,   0.16000,
,,,-00.000000008200,   0.16000,
,,,-00.000000008000,   0.16000,
,,,-00.000000007800,   0.24000,
,,,-00.000000007600,   0.24000,
,,,-00.000000007400,   0.24000,
,,,-00.000000007200,   0.32000,
,,,-00.000000007000,   0.32000,
,,,-00.000000006800,   0.40000,
,,,-00.000000006600,   0.40000,
,,,-00.000000006400,   0.40000,
,,,-00.000000006200,   0.48000,
,,,-00.000000006000,   0.48000,
,,,-00.000000005800,   0.56000,
,,,-00.000000005600,   0.56000,
,,,-00.000000005400,   0.64000,
,,,-00.000000005200,   0.72000,
,,,-00.000000005000,   0.80000,
,,,-00.000000004800,   0.88000,
,,,-00.000000004600,   0.88000,
,,,-00.000000004400,   0.96000,
,,,-00.000000004200,   1.04000,
,,,-00.000000004000,   1.12000,
,,,-00.000000003800,   1.20000,
,,,-00.000000003600,   1.28000,
,,,-00.000000003400,   1.36000,
,,,-00.000000003200,   1.44000,
,,,-00.000000003000,   1.52000,
,,,-00.000000002800,   1.68000,
,,,-00.000000002600,   1.76000,
,,,-00.000000002400,   1.84000,
,,,-00.000000002200,   2.00000,
,,,-00.000000002000,   2.08000,
,,,-00.000000001800,   2.24000,
,,,-00.000000001600,   2.32000,
,,,-00.000000001400,   2.40000,
,,,-00.000000001200,   2.56000,
,,,-00.000000001000,   2.64000,
,,,-00.000000000800,   2.80000,
,,,-00.000000000600,   2.88000,
,,,-00.000000000400,   2.96000,
,,,-00.000000000200,   3.12000,
,,,-00.000000000000,   3.20000,
,,,00.000000000200,   3.36000,
,,,00.000000000400,   3.52000,
,,,00.000000000600,   3.60000,
,,,00.000000000800,   3.84000,
,,,00.000000001000,   4.00000,
,,,00.000000001200,   4.16000,
,,,00.000000001400,   4.32000,
,,,00.000000001600,   4.40000,
,,,00.000000001800,   4.56000,
,,,00.000000002000,   4.72000,
,,,00.000000002200,   4.88000,
,,,00.000000002400,   4.96000,
,,,00.000000002600,   5.12000,
,,,00.000000002800,   5.28000,
,,,00.000000003000,   5.36000,
,,,00.000000003200,   5.52000,
,,,00.000000003400,   5.60000,
,,,00.000000003600,   5.68000,
,,,00.000000003800,   5.84000,
,,,00.000000004000,   5.92000,
,,,00.000000004200,   6.08000,
,,,00.000000004400,   6.16000,
,,,00.000000004600,   6.32000,
,,,00.000000004800,   6.48000,
,,,00.000000005000,   6.56000,
,,,00.000000005200,   6.72000,
,,,00.000000005400,   6.80000,
,,,00.000000005600,   6.88000,
,,,00.000000005800,   6.96000,
,,,00.000000006000,   7.12000,
,,,00.000000006200,   7.20000,
,,,00.000000006400,   7.28000,
,,,00.000000006600,   7.28000,
,,,00.000000006800,   7.36000,
,,,00.000000007000,   7.44000,
,,,00.000000007200,   7.52000,
,,,00.000000007400,   7.52000,
,,,00.000000007600,   7.60000,
,,,00.000000007800,   7.60000,
,,,00.000000008000,   7.60000,
,,,00.000000008200,   7.68000,
,,,00.000000008400,   7.68000,
,,,00.000000008600,   7.68000,
,,,00.000000008800,   7.68000,
,,,00.000000009000,   7.76000,
,,,00.000000009200,   7.76000,
,,,00.000000009400,   7.76000,
,,,00.000000009600,   7.68000,
,,,00.000000009800,   7.68000,
,,,00.000000010000,   7.68000,
,,,00.000000010200,   7.68000,
,,,00.000000010400,   7.60000,
,,,00.000000010600,   7.60000,
,,,00.000000010800,   7.60000,
,,,00.000000011000,   7.52000,
,,,00.000000011200,   7.52000,
,,,00.000000011400,   7.44000,
,,,00.000000011600,   7.36000,
,,,00.000000011800,   7.28000,
,,,00.000000012000,   7.28000,
,,,00.000000012200,   7.20000,
,,,00.000000012400,   7.12000,
,,,00.000000012600,   7.04000,
,,,00.000000012800,   6.88000,
,,,00.000000013000,   6.88000,
,,,00.000000013200,   6.80000,
,,,00.000000013400,   6.72000,
,,,00.000000013600,   6.72000,
,,,00.000000013800,   6.64000,
,,,00.000000014000,   6.64000,
,,,00.000000014200,   6.64000,
,,,00.000000014400,   6.56000,
,,,00.000000014600,   6.48000,
,,,00.000000014800,   6.48000,
,,,00.000000015000,   6.40000,
,,,00.000000015200,   6.40000,
,,,00.000000015400,   6.32000,
,,,00.000000015600,   6.32000,
,,,00.000000015800,   6.24000,
,,,00.000000016000,   6.24000,
,,,00.000000016200,   6.24000,
,,,00.000000016400,   6.24000,
,,,00.000000016600,   6.16000,
,,,00.000000016800,   6.24000,
,,,00.000000017000,   6.24000,
,,,00.000000017200,   6.24000,
,,,00.000000017400,   6.24000,
,,,00.000000017600,   6.24000,
,,,00.000000017800,   6.24000,
,,,00.000000018000,   6.24000,
,,,00.000000018200,   6.24000,
,,,00.000000018400,   6.16000,
,,,00.000000018600,   6.16000,
,,,00.000000018800,   6.16000,
,,,00.000000019000,   6.16000,
,,,00.000000019200,   6.16000,
,,,00.000000019400,   6.08000,
,,,00.000000019600,   6.08000,
,,,00.000000019800,   6.08000,
,,,00.000000020000,   6.08000,
,,,00.000000020200,   6.16000,
,,,00.000000020400,   6.16000,
,,,00.000000020600,   6.16000,
,,,00.000000020800,   6.24000,
,,,00.000000021000,   6.24000,
,,,00.000000021200,   6.32000,
,,,00.000000021400,   6.32000,
,,,00.000000021600,   6.32000,
,,,00.000000021800,   6.32000,
,,,00.000000022000,   6.32000,
,,,00.000000022200,   6.32000,
,,,00.000000022400,   6.32000,
,,,00.000000022600,   6.32000,
,,,00.000000022800,   6.32000,
,,,00.000000023000,   6.32000,
,,,00.000000023200,   6.32000,
,,,00.000000023400,   6.32000,
,,,00.000000023600,   6.32000,
,,,00.000000023800,   6.32000,
,,,00.000000024000,   6.32000,
,,,00.000000024200,   6.32000,
,,,00.000000024400,   6.32000,
,,,00.000000024600,   6.32000,
,,,00.000000024800,   6.32000,
,,,00.000000025000,   6.32000,
,,,00.000000025200,   6.40000,
,,,00.000000025400,   6.40000,
,,,00.000000025600,   6.32000,
,,,00.000000025800,   6.32000,
,,,00.000000026000,   6.32000,
,,,00.000000026200,   6.32000,
,,,00.000000026400,   6.24000,
,,,00.000000026600,   6.24000,
,,,00.000000026800,   6.24000,
,,,00.000000027000,   6.24000,
,,,00.000000027200,   6.24000,
,,,00.000000027400,   6.16000,
,,,00.000000027600,   6.16000,
,,,00.000000027800,   6.16000,
,,,00.000000028000,   6.16000,
,,,00.000000028200,   6.16000,
,,,00.000000028400,   6.08000,
,,,00.000000028600,   6.08000,
,,,00.000000028800,   6.00000,
,,,00.000000029000,   6.00000,
,,,00.000000029200,   6.00000,
,,,00.000000029400,   5.92000,
,,,00.000000029600,   5.92000,
,,,00.000000029800,   5.92000,
,,,00.000000030000,   5.92000,
,,,00.000000030200,   5.92000,
,,,00.000000030400,   5.84000,
,,,00.000000030600,   5.84000,
,,,00.000000030800,   5.84000,
,,,00.000000031000,   5.84000,
,,,00.000000031200,   5.84000,
,,,00.000000031400,   5.84000,
,,,00.000000031600,   5.84000,
,,,00.000000031800,   5.84000,
,,,00.000000032000,   5.92000,
,,,00.000000032200,   5.92000,
,,,00.000000032400,   5.84000,
,,,00.000000032600,   5.84000,
,,,00.000000032800,   5.76000,
,,,00.000000033000,   5.76000,
,,,00.000000033200,   5.76000,
,,,00.000000033400,   5.68000,
,,,00.000000033600,   5.68000,
,,,00.000000033800,   5.68000,
,,,00.000000034000,   5.68000,
,,,00.000000034200,   5.76000,
,,,00.000000034400,   5.76000,
,,,00.000000034600,   5.76000,
,,,00.000000034800,   5.76000,
,,,00.000000035000,   5.76000,
,,,00.000000035200,   5.84000,
,,,00.000000035400,   5.84000,
,,,00.000000035600,   5.84000,
,,,00.000000035800,   5.84000,
,,,00.000000036000,   5.84000,
,,,00.000000036200,   5.84000,
,,,00.000000036400,   5.84000,
,,,00.000000036600,   5.84000,
,,,00.000000036800,   5.84000,
,,,00.000000037000,   5.84000,
,,,00.000000037200,   5.84000,
,,,00.000000037400,   5.84000,
,,,00.000000037600,   5.84000,
,,,00.000000037800,   5.84000,
,,,00.000000038000,   5.84000,
,,,00.000000038200,   5.92000,
,,,00.000000038400,   5.92000,
,,,00.000000038600,   5.92000,
,,,00.000000038800,   5.92000,
,,,00.000000039000,   5.92000,
,,,00.000000039200,   5.92000,
,,,00.000000039400,   5.92000,
,,,00.000000039600,   5.92000,
,,,00.000000039800,   5.92000,
,,,00.000000040000,   5.92000,
,,,00.000000040200,   5.92000,
,,,00.000000040400,   5.84000,
,,,00.000000040600,   5.84000,
,,,00.000000040800,   5.84000,
,,,00.000000041000,   5.84000,
,,,00.000000041200,   5.84000,
,,,00.000000041400,   5.84000,
,,,00.000000041600,   5.76000,
,,,00.000000041800,   5.76000,
,,,00.000000042000,   5.84000,
,,,00.000000042200,   5.84000,
,,,00.000000042400,   5.84000,
,,,00.000000042600,   5.84000,
,,,00.000000042800,   5.84000,
,,,00.000000043000,   5.84000,
,,,00.000000043200,   5.92000,
,,,00.000000043400,   5.92000,
,,,00.000000043600,   5.92000,
,,,00.000000043800,   5.92000,
,,,00.000000044000,   5.92000,
,,,00.000000044200,   5.92000,
,,,00.000000044400,   5.84000,
,,,00.000000044600,   5.84000,
,,,00.000000044800,   5.84000,
,,,00.000000045000,   5.84000,
,,,00.000000045200,   5.84000,
,,,00.000000045400,   5.76000,
,,,00.000000045600,   5.76000,
,,,00.000000045800,   5.76000,
,,,00.000000046000,   5.76000,
,,,00.000000046200,   5.76000,
,,,00.000000046400,   5.76000,
,,,00.000000046600,   5.76000,
,,,00.000000046800,   5.76000,
,,,00.000000047000,   5.76000,
,,,00.000000047200,   5.84000,
,,,00.000000047400,   5.76000,
,,,00.000000047600,   5.76000,
,,,00.000000047800,   5.76000,
,,,00.000000048000,   5.76000,
,,,00.000000048200,   5.76000,
,,,00.000000048400,   5.76000,
,,,00.000000048600,   5.76000,
,,,00.000000048800,   5.76000,
,,,00.000000049000,   5.76000,
,,,00.000000049200,   5.84000,
,,,00.000000049400,   5.84000,
,,,00.000000049600,   5.84000,
,,,00.000000049800,   5.84000,
,,,00.000000050000,   5.84000,
,,,00.000000050200,   5.84000,
,,,00.000000050400,   5.76000,
,,,00.000000050600,   5.76000,
,,,00.000000050800,   5.76000,
,,,00.000000051000,   5.76000,
,,,00.000000051200,   5.76000,
,,,00.000000051400,   5.68000,
,,,00.000000051600,   5.68000,
,,,00.000000051800,   5.68000,
,,,00.000000052000,   5.68000,
,,,00.000000052200,   5.68000,
,,,00.000000052400,   5.68000,
,,,00.000000052600,   5.60000,
,,,00.000000052800,   5.60000,
,,,00.000000053000,   5.68000,
,,,00.000000053200,   5.68000,
,,,00.000000053400,   5.68000,
,,,00.000000053600,   5.68000,
,,,00.000000053800,   5.68000,
,,,00.000000054000,   5.68000,
,,,00.000000054200,   5.76000,
,,,00.000000054400,   5.68000,
,,,00.000000054600,   5.68000,
,,,00.000000054800,   5.68000,
,,,00.000000055000,   5.68000,
,,,00.000000055200,   5.68000,
,,,00.000000055400,   5.68000,
,,,00.000000055600,   5.68000,
,,,00.000000055800,   5.76000,
,,,00.000000056000,   5.76000,
,,,00.000000056200,   5.84000,
,,,00.000000056400,   5.84000,
,,,00.000000056600,   5.84000,
,,,00.000000056800,   5.84000,
,,,00.000000057000,   5.84000,
,,,00.000000057200,   5.84000,
,,,00.000000057400,   5.84000,
,,,00.000000057600,   5.84000,
,,,00.000000057800,   5.84000,
,,,00.000000058000,   5.84000,
,,,00.000000058200,   5.84000,
,,,00.000000058400,   5.84000,
,,,00.000000058600,   5.84000,
,,,00.000000058800,   5.84000,
,,,00.000000059000,   5.84000,
,,,00.000000059200,   5.92000,
,,,00.000000059400,   5.92000,
,,,00.000000059600,   5.92000,
,,,00.000000059800,   5.92000,
,,,00.000000060000,   5.92000,
,,,00.000000060200,   5.92000,
,,,00.000000060400,   5.92000,
,,,00.000000060600,   5.92000,
,,,00.000000060800,   5.92000,
,,,00.000000061000,   5.92000,
,,,00.000000061200,   5.92000,
,,,00.000000061400,   5.84000,
,,,00.000000061600,   5.84000,
,,,00.000000061800,   5.84000,
,,,00.000000062000,   5.84000,
,,,00.000000062200,   5.84000,
,,,00.000000062400,   5.84000,
,,,00.000000062600,   5.76000,
,,,00.000000062800,   5.76000,
,,,00.000000063000,   5.84000,
,,,00.000000063200,   5.84000,
,,,00.000000063400,   5.84000,
,,,00.000000063600,   5.84000,
,,,00.000000063800,   5.84000,
,,,00.000000064000,   5.84000,
,,,00.000000064200,   5.92000,
,,,00.000000064400,   5.92000,
,,,00.000000064600,   5.84000,
,,,00.000000064800,   5.84000,
,,,00.000000065000,   5.84000,
,,,00.000000065200,   5.84000,
,,,00.000000065400,   5.76000,
,,,00.000000065600,   5.76000,
,,,00.000000065800,   5.76000,
,,,00.000000066000,   5.76000,
,,,00.000000066200,   5.76000,
,,,00.000000066400,   5.76000,
,,,00.000000066600,   5.76000,
,,,00.000000066800,   5.76000,
,,,00.000000067000,   5.76000,
,,,00.000000067200,   5.84000,
,,,00.000000067400,   5.76000,
,,,00.000000067600,   5.76000,
,,,00.000000067800,   5.76000,
,,,00.000000068000,   5.76000,
,,,00.000000068200,   5.76000,
,,,00.000000068400,   5.76000,
,,,00.000000068600,   5.76000,
,,,00.000000068800,   5.76000,
,,,00.000000069000,   5.76000,
,,,00.000000069200,   5.84000,
,,,00.000000069400,   5.76000,
,,,00.000000069600,   5.76000,
,,,00.000000069800,   5.76000,
,,,00.000000070000,   5.76000,
,,,00.000000070200,   5.76000,
,,,00.000000070400,   5.76000,
,,,00.000000070600,   5.76000,
,,,00.000000070800,   5.76000,
,,,00.000000071000,   5.76000,
,,,00.000000071200,   5.76000,
,,,00.000000071400,   5.76000,
,,,00.000000071600,   5.76000,
,,,00.000000071800,   5.76000,
,,,00.000000072000,   5.76000,
,,,00.000000072200,   5.76000,
,,,00.000000072400,   5.76000,
,,,00.000000072600,   5.76000,
,,,00.000000072800,   5.76000,
,,,00.000000073000,   5.76000,
,,,00.000000073200,   5.84000,
,,,00.000000073400,   5.84000,
,,,00.000000073600,   5.84000,
,,,00.000000073800,   5.84000,
,,,00.000000074000,   5.84000,
,,,00.000000074200,   5.84000,
,,,00.000000074400,   5.84000,
,,,00.000000074600,   5.84000,
,,,00.000000074800,   5.84000,
,,,00.000000075000,   5.84000,
,,,00.000000075200,   5.84000,
,,,00.000000075400,   5.76000,
,,,00.000000075600,   5.76000,
,,,00.000000075800,   5.76000,
,,,00.000000076000,   5.76000,
,,,00.000000076200,   5.76000,
,,,00.000000076400,   5.76000,
,,,00.000000076600,   5.76000,
,,,00.000000076800,   5.76000,
,,,00.000000077000,   5.76000,
,,,00.000000077200,   5.84000,
,,,00.000000077400,   5.76000,
,,,00.000000077600,   5.76000,
,,,00.000000077800,   5.76000,
,,,00.000000078000,   5.76000,
,,,00.000000078200,   5.76000,
,,,00.000000078400,   5.76000,
,,,00.000000078600,   5.68000,
,,,00.000000078800,   5.68000,
,,,00.000000079000,   5.76000,
,,,00.000000079200,   5.76000,
,,,00.000000079400,   5.76000,
,,,00.000000079600,   5.76000,
,,,00.000000079800,   5.76000,
,,,00.000000080000,   5.76000,
,,,00.000000080200,   5.84000,
,,,00.000000080400,   5.84000,
,,,00.000000080600,   5.84000,
,,,00.000000080800,   5.84000,
,,,00.000000081000,   5.84000,
,,,00.000000081200,   5.84000,
,,,00.000000081400,   5.76000,
,,,00.000000081600,   5.76000,
,,,00.000000081800,   5.76000,
,,,00.000000082000,   5.76000,
,,,00.000000082200,   5.76000,
,,,00.000000082400,   5.76000,
,,,00.000000082600,   5.68000,
,,,00.000000082800,   5.68000,
,,,00.000000083000,   5.76000,
,,,00.000000083200,   5.76000,
,,,00.000000083400,   5.76000,
,,,00.000000083600,   5.76000,
,,,00.000000083800,   5.76000,
,,,00.000000084000,   5.76000,
,,,00.000000084200,   5.84000,
,,,00.000000084400,   5.84000,
,,,00.000000084600,   5.84000,
,,,00.000000084800,   5.84000,
,,,00.000000085000,   5.84000,
,,,00.000000085200,   5.84000,
,,,00.000000085400,   5.76000,
,,,00.000000085600,   5.76000,
,,,00.000000085800,   5.76000,
,,,00.000000086000,   5.76000,
,,,00.000000086200,   5.76000,
,,,00.000000086400,   5.68000,
,,,00.000000086600,   5.68000,
,,,00.000000086800,   5.68000,
,,,00.000000087000,   5.68000,
,,,00.000000087200,   5.68000,
,,,00.000000087400,   5.68000,
,,,00.000000087600,   5.60000,
,,,00.000000087800,   5.60000,
,,,00.000000088000,   5.68000,
,,,00.000000088200,   5.68000,
,,,00.000000088400,   5.68000,
,,,00.000000088600,   5.68000,
,,,00.000000088800,   5.68000,
,,,00.000000089000,   5.68000,
,,,00.000000089200,   5.76000,
,,,00.000000089400,   5.76000,
,,,00.000000089600,   5.76000,
,,,00.000000089800,   5.76000,
,,,00.000000090000,   5.76000,
,,,00.000000090200,   5.84000,
,,,00.000000090400,   5.84000,
,,,00.000000090600,   5.84000,
,,,00.000000090800,   5.84000,
,,,00.000000091000,   5.92000,
,,,00.000000091200,   5.92000,
,,,00.000000091400,   5.84000,
,,,00.000000091600,   5.84000,
,,,00.000000091800,   5.84000,
,,,00.000000092000,   5.84000,
,,,00.000000092200,   5.84000,
,,,00.000000092400,   5.84000,
,,,00.000000092600,   5.84000,
,,,00.000000092800,   5.84000,
,,,00.000000093000,   5.84000,
,,,00.000000093200,   5.84000,
,,,00.000000093400,   5.84000,
,,,00.000000093600,   5.84000,
,,,00.000000093800,   5.84000,
,,,00.000000094000,   5.84000,
,,,00.000000094200,   5.84000,
,,,00.000000094400,   5.76000,
,,,00.000000094600,   5.76000,
,,,00.000000094800,   5.76000,
,,,00.000000095000,   5.76000,
,,,00.000000095200,   5.76000,
,,,00.000000095400,   5.76000,
,,,00.000000095600,   5.68000,
,,,00.000000095800,   5.68000,
,,,00.000000096000,   5.76000,
,,,00.000000096200,   5.76000,
,,,00.000000096400,   5.76000,
,,,00.000000096600,   5.76000,
,,,00.000000096800,   5.76000,
,,,00.000000097000,   5.76000,
,,,00.000000097200,   5.84000,
,,,00.000000097400,   5.84000,
,,,00.000000097600,   5.84000,
,,,00.000000097800,   5.84000,
,,,00.000000098000,   5.84000,
,,,00.000000098200,   5.84000,
,,,00.000000098400,   5.84000,
,,,00.000000098600,   5.84000,
,,,00.000000098800,   5.84000,
,,,00.000000099000,   5.84000,
,,,00.000000099200,   5.84000,
,,,00.000000099400,   5.76000,
,,,00.000000099600,   5.76000,
,,,00.000000099800,   5.76000,
,,,00.000000100000,   5.76000,
,,,00.000000100200,   5.76000,
,,,00.000000100400,   5.68000,
,,,00.000000100600,   5.68000,
,,,00.000000100800,   5.68000,
,,,00.000000101000,   5.68000,
,,,00.000000101200,   5.68000,
,,,00.000000101400,   5.68000,
,,,00.000000101600,   5.68000,
,,,00.000000101800,   5.68000,
,,,00.000000102000,   5.68000,
,,,00.000000102200,   5.76000,
,,,00.000000102400,   5.76000,
,,,00.000000102600,   5.76000,
,,,00.000000102800,   5.76000,
,,,00.000000103000,   5.76000,
,,,00.000000103200,   5.84000,
,,,00.000000103400,   5.84000,
,,,00.000000103600,   5.84000,
,,,00.000000103800,   5.84000,
,,,00.000000104000,   5.92000,
,,,00.000000104200,   5.92000,
,,,00.000000104400,   5.84000,
,,,00.000000104600,   5.84000,
,,,00.000000104800,   5.84000,
,,,00.000000105000,   5.84000,
,,,00.000000105200,   5.84000,
,,,00.000000105400,   5.84000,
,,,00.000000105600,   5.76000,
,,,00.000000105800,   5.76000,
,,,00.000000106000,   5.84000,
,,,00.000000106200,   5.84000,
,,,00.000000106400,   5.84000,
,,,00.000000106600,   5.84000,
,,,00.000000106800,   5.84000,
,,,00.000000107000,   5.84000,
,,,00.000000107200,   5.92000,
,,,00.000000107400,   5.92000,
,,,00.000000107600,   5.92000,
,,,00.000000107800,   5.92000,
,,,00.000000108000,   5.92000,
,,,00.000000108200,   5.92000,
,,,00.000000108400,   5.84000,
,,,00.000000108600,   5.84000,
,,,00.000000108800,   5.84000,
,,,00.000000109000,   5.84000,
,,,00.000000109200,   5.84000,
,,,00.000000109400,   5.84000,
,,,00.000000109600,   5.84000,
,,,00.000000109800,   5.84000,
,,,00.000000110000,   5.84000,
,,,00.000000110200,   5.92000,
,,,00.000000110400,   5.92000,
,,,00.000000110600,   5.84000,
,,,00.000000110800,   5.84000,
,,,00.000000111000,   5.84000,
,,,00.000000111200,   5.84000,
,,,00.000000111400,   5.76000,
,,,00.000000111600,   5.76000,
,,,00.000000111800,   5.76000,
,,,00.000000112000,   5.76000,
,,,00.000000112200,   5.76000,
,,,00.000000112400,   5.76000,
,,,00.000000112600,   5.76000,
,,,00.000000112800,   5.76000,
,,,00.000000113000,   5.76000,
,,,00.000000113200,   5.84000,
,,,00.000000113400,   5.84000,
,,,00.000000113600,   5.84000,
,,,00.000000113800,   5.84000,
,,,00.000000114000,   5.84000,
,,,00.000000114200,   5.84000,
,,,00.000000114400,   5.76000,
,,,00.000000114600,   5.76000,
,,,00.000000114800,   5.76000,
,,,00.000000115000,   5.76000,
,,,00.000000115200,   5.76000,
,,,00.000000115400,   5.76000,
,,,00.000000115600,   5.76000,
,,,00.000000115800,   5.76000,
,,,00.000000116000,   5.76000,
,,,00.000000116200,   5.76000,
,,,00.000000116400,   5.68000,
,,,00.000000116600,   5.68000,
,,,00.000000116800,   5.68000,
,,,00.000000117000,   5.68000,
,,,00.000000117200,   5.68000,
,,,00.000000117400,   5.68000,
,,,00.000000117600,   5.68000,
,,,00.000000117800,   5.68000,
,,,00.000000118000,   5.68000,
,,,00.000000118200,   5.76000,
,,,00.000000118400,   5.76000,
,,,00.000000118600,   5.84000,
,,,00.000000118800,   5.84000,
,,,00.000000119000,   5.84000,
,,,00.000000119200,   5.92000,
,,,00.000000119400,   5.92000,
,,,00.000000119600,   5.84000,
,,,00.000000119800,   5.84000,
,,,00.000000120000,   5.84000,
,,,00.000000120200,   5.84000,
,,,00.000000120400,   5.84000,
,,,00.000000120600,   5.84000,
,,,00.000000120800,   5.84000,
,,,00.000000121000,   5.84000,
,,,00.000000121200,   5.84000,
,,,00.000000121400,   5.84000,
,,,00.000000121600,   5.84000,
,,,00.000000121800,   5.84000,
,,,00.000000122000,   5.84000,
,,,00.000000122200,   5.84000,
,,,00.000000122400,   5.76000,
,,,00.000000122600,   5.76000,
,,,00.000000122800,   5.76000,
,,,00.000000123000,   5.76000,
,,,00.000000123200,   5.76000,
,,,00.000000123400,   5.76000,
,,,00.000000123600,   5.68000,
,,,00.000000123800,   5.68000,
,,,00.000000124000,   5.76000,
,,,00.000000124200,   5.76000,
,,,00.000000124400,   5.76000,
,,,00.000000124600,   5.76000,
,,,00.000000124800,   5.76000,
,,,00.000000125000,   5.76000,
,,,00.000000125200,   5.84000,
,,,00.000000125400,   5.76000,
,,,00.000000125600,   5.76000,
,,,00.000000125800,   5.76000,
,,,00.000000126000,   5.76000,
,,,00.000000126200,   5.76000,
,,,00.000000126400,   5.76000,
,,,00.000000126600,   5.76000,
,,,00.000000126800,   5.76000,
,,,00.000000127000,   5.84000,
,,,00.000000127200,   5.84000,
,,,00.000000127400,   5.76000,
,,,00.000000127600,   5.76000,
,,,00.000000127800,   5.68000,
,,,00.000000128000,   5.68000,
,,,00.000000128200,   5.68000,
,,,00.000000128400,   5.60000,
,,,00.000000128600,   5.60000,
,,,00.000000128800,   5.60000,
,,,00.000000129000,   5.60000,
,,,00.000000129200,   5.68000,
,,,00.000000129400,   5.68000,
,,,00.000000129600,   5.68000,
,,,00.000000129800,   5.68000,
,,,00.000000130000,   5.68000,
,,,00.000000130200,   5.76000,
,,,00.000000130400,   5.76000,
,,,00.000000130600,   5.76000,
,,,00.000000130800,   5.76000,
,,,00.000000131000,   5.76000,
,,,00.000000131200,   5.84000,
,,,00.000000131400,   5.84000,
,,,00.000000131600,   5.84000,
,,,00.000000131800,   5.84000,
,,,00.000000132000,   5.84000,
,,,00.000000132200,   5.84000,
,,,00.000000132400,   5.76000,
,,,00.000000132600,   5.76000,
,,,00.000000132800,   5.76000,
,,,00.000000133000,   5.76000,
,,,00.000000133200,   5.76000,
,,,00.000000133400,   5.76000,
,,,00.000000133600,   5.68000,
,,,00.000000133800,   5.68000,
,,,00.000000134000,   5.76000,
,,,00.000000134200,   5.76000,
,,,00.000000134400,   5.76000,
,,,00.000000134600,   5.76000,
,,,00.000000134800,   5.76000,
,,,00.000000135000,   5.76000,
,,,00.000000135200,   5.84000,
,,,00.000000135400,   5.84000,
,,,00.000000135600,   5.84000,
,,,00.000000135800,   5.84000,
,,,00.000000136000,   5.84000,
,,,00.000000136200,   5.84000,
,,,00.000000136400,   5.76000,
,,,00.000000136600,   5.76000,
,,,00.000000136800,   5.76000,
,,,00.000000137000,   5.76000,
,,,00.000000137200,   5.76000,
,,,00.000000137400,   5.76000,
,,,00.000000137600,   5.76000,
,,,00.000000137800,   5.76000,
,,,00.000000138000,   5.76000,
,,,00.000000138200,   5.84000,
,,,00.000000138400,   5.84000,
,,,00.000000138600,   5.84000,
,,,00.000000138800,   5.84000,
,,,00.000000139000,   5.92000,
,,,00.000000139200,   5.92000,
,,,00.000000139400,   5.84000,
,,,00.000000139600,   5.84000,
,,,00.000000139800,   5.84000,
,,,00.000000140000,   5.84000,
,,,00.000000140200,   5.84000,
,,,00.000000140400,   5.84000,
,,,00.000000140600,   5.76000,
,,,00.000000140800,   5.76000,
,,,00.000000141000,   5.84000,
,,,00.000000141200,   5.84000,
,,,00.000000141400,   5.84000,
,,,00.000000141600,   5.84000,
,,,00.000000141800,   5.84000,
,,,00.000000142000,   5.84000,
,,,00.000000142200,   5.92000,
,,,00.000000142400,   5.92000,
,,,00.000000142600,   5.92000,
,,,00.000000142800,   5.92000,
,,,00.000000143000,   5.92000,
,,,00.000000143200,   5.92000,
,,,00.000000143400,   5.84000,
,,,00.000000143600,   5.84000,
,,,00.000000143800,   5.84000,
,,,00.000000144000,   5.84000,
,,,00.000000144200,   5.84000,
,,,00.000000144400,   5.76000,
,,,00.000000144600,   5.76000,
,,,00.000000144800,   5.76000,
,,,00.000000145000,   5.76000,
,,,00.000000145200,   5.76000,
,,,00.000000145400,   5.76000,
,,,00.000000145600,   5.68000,
,,,00.000000145800,   5.68000,
,,,00.000000146000,   5.76000,
,,,00.000000146200,   5.76000,
,,,00.000000146400,   5.76000,
,,,00.000000146600,   5.76000,
,,,00.000000146800,   5.76000,
,,,00.000000147000,   5.76000,
,,,00.000000147200,   5.84000,
,,,00.000000147400,   5.84000,
,,,00.000000147600,   5.84000,
,,,00.000000147800,   5.84000,
,,,00.000000148000,   5.92000,
,,,00.000000148200,   5.92000,
,,,00.000000148400,   5.92000,
,,,00.000000148600,   5.84000,
,,,00.000000148800,   5.84000,
,,,00.000000149000,   5.84000,
,,,00.000000149200,   5.84000,
,,,00.000000149400,   5.76000,
,,,00.000000149600,   5.76000,
,,,00.000000149800,   5.76000,
,,,00.000000150000,   5.76000,
,,,00.000000150200,   5.76000,
,,,00.000000150400,   5.76000,
,,,00.000000150600,   5.76000,
,,,00.000000150800,   5.76000,
,,,00.000000151000,   5.76000,
,,,00.000000151200,   5.84000,
,,,00.000000151400,   5.84000,
,,,00.000000151600,   5.84000,
,,,00.000000151800,   5.84000,
,,,00.000000152000,   5.84000,
,,,00.000000152200,   5.84000,
,,,00.000000152400,   5.84000,
,,,00.000000152600,   5.84000,
,,,00.000000152800,   5.84000,
,,,00.000000153000,   5.84000,
,,,00.000000153200,   5.84000,
,,,00.000000153400,   5.76000,
,,,00.000000153600,   5.76000,
,,,00.000000153800,   5.76000,
,,,00.000000154000,   5.76000,
,,,00.000000154200,   5.76000,
,,,00.000000154400,   5.76000,
,,,00.000000154600,   5.68000,
,,,00.000000154800,   5.68000,
,,,00.000000155000,   5.76000,
,,,00.000000155200,   5.76000,
,,,00.000000155400,   5.76000,
,,,00.000000155600,   5.76000,
,,,00.000000155800,   5.76000,
,,,00.000000156000,   5.76000,
,,,00.000000156200,   5.84000,
,,,00.000000156400,   5.84000,
,,,00.000000156600,   5.84000,
,,,00.000000156800,   5.84000,
,,,00.000000157000,   5.84000,
,,,00.000000157200,   5.92000,
,,,00.000000157400,   5.92000,
,,,00.000000157600,   5.92000,
,,,00.000000157800,   5.92000,
,,,00.000000158000,   5.92000,
,,,00.000000158200,   5.92000,
,,,00.000000158400,   5.84000,
,,,00.000000158600,   5.84000,
,,,00.000000158800,   5.84000,
,,,00.000000159000,   5.84000,
,,,00.000000159200,   5.84000,
,,,00.000000159400,   5.76000,
,,,00.000000159600,   5.76000,
,,,00.000000159800,   5.76000,
,,,00.000000160000,   5.76000,
,,,00.000000160200,   5.76000,
,,,00.000000160400,   5.76000,
,,,00.000000160600,   5.68000,
,,,00.000000160800,   5.68000,
,,,00.000000161000,   5.76000,
,,,00.000000161200,   5.76000,
,,,00.000000161400,   5.76000,
,,,00.000000161600,   5.76000,
,,,00.000000161800,   5.76000,
,,,00.000000162000,   5.76000,
,,,00.000000162200,   5.84000,
,,,00.000000162400,   5.84000,
,,,00.000000162600,   5.84000,
,,,00.000000162800,   5.84000,
,,,00.000000163000,   5.84000,
,,,00.000000163200,   5.84000,
,,,00.000000163400,   5.84000,
,,,00.000000163600,   5.84000,
,,,00.000000163800,   5.84000,
,,,00.000000164000,   5.84000,
,,,00.000000164200,   5.84000,
,,,00.000000164400,   5.76000,
,,,00.000000164600,   5.76000,
,,,00.000000164800,   5.76000,
,,,00.000000165000,   5.76000,
,,,00.000000165200,   5.76000,
,,,00.000000165400,   5.76000,
,,,00.000000165600,   5.76000,
,,,00.000000165800,   5.76000,
,,,00.000000166000,   5.76000,
,,,00.000000166200,   5.84000,
,,,00.000000166400,   5.84000,
,,,00.000000166600,   5.84000,
,,,00.000000166800,   5.84000,
,,,00.000000167000,   5.84000,
,,,00.000000167200,   5.84000,
,,,00.000000167400,   5.84000,
,,,00.000000167600,   5.84000,
,,,00.000000167800,   5.84000,
,,,00.000000168000,   5.84000,
,,,00.000000168200,   5.92000,
,,,00.000000168400,   5.92000,
,,,00.000000168600,   5.84000,
,,,00.000000168800,   5.84000,
,,,00.000000169000,   5.84000,
,,,00.000000169200,   5.84000,
,,,00.000000169400,   5.76000,
,,,00.000000169600,   5.76000,
,,,00.000000169800,   5.76000,
,,,00.000000170000,   5.76000,
,,,00.000000170200,   5.76000,
,,,00.000000170400,   5.76000,
,,,00.000000170600,   5.76000,
,,,00.000000170800,   5.76000,
,,,00.000000171000,   5.76000,
,,,00.000000171200,   5.84000,
,,,00.000000171400,   5.84000,
,,,00.000000171600,   5.84000,
,,,00.000000171800,   5.84000,
,,,00.000000172000,   5.92000,
,,,00.000000172200,   5.92000,
,,,00.000000172400,   5.84000,
,,,00.000000172600,   5.84000,
,,,00.000000172800,   5.84000,
,,,00.000000173000,   5.84000,
,,,00.000000173200,   5.84000,
,,,00.000000173400,   5.84000,
,,,00.000000173600,   5.84000,
,,,00.000000173800,   5.84000,
,,,00.000000174000,   5.84000,
,,,00.000000174200,   5.84000,
,,,00.000000174400,   5.84000,
,,,00.000000174600,   5.84000,
,,,00.000000174800,   5.84000,
,,,00.000000175000,   5.84000,
,,,00.000000175200,   5.84000,
,,,00.000000175400,   5.84000,
,,,00.000000175600,   5.84000,
,,,00.000000175800,   5.84000,
,,,00.000000176000,   5.84000,
,,,00.000000176200,   5.84000,
,,,00.000000176400,   5.76000,
,,,00.000000176600,   5.76000,
,,,00.000000176800,   5.76000,
,,,00.000000177000,   5.76000,
,,,00.000000177200,   5.76000,
,,,00.000000177400,   5.76000,
,,,00.000000177600,   5.68000,
,,,00.000000177800,   5.68000,
,,,00.000000178000,   5.76000,
,,,00.000000178200,   5.76000,
,,,00.000000178400,   5.76000,
,,,00.000000178600,   5.76000,
,,,00.000000178800,   5.76000,
,,,00.000000179000,   5.76000,
,,,00.000000179200,   5.84000,
,,,00.000000179400,   5.76000,
,,,00.000000179600,   5.76000,
,,,00.000000179800,   5.76000,
,,,00.000000180000,   5.76000,
,,,00.000000180200,   5.76000,
,,,00.000000180400,   5.76000,
,,,00.000000180600,   5.76000,
,,,00.000000180800,   5.76000,
,,,00.000000181000,   5.76000,
,,,00.000000181200,   5.84000,
,,,00.000000181400,   5.76000,
,,,00.000000181600,   5.76000,
,,,00.000000181800,   5.76000,
,,,00.000000182000,   5.76000,
,,,00.000000182200,   5.76000,
,,,00.000000182400,   5.76000,
,,,00.000000182600,   5.68000,
,,,00.000000182800,   5.68000,
,,,00.000000183000,   5.76000,
,,,00.000000183200,   5.76000,
,,,00.000000183400,   5.76000,
,,,00.000000183600,   5.76000,
,,,00.000000183800,   5.76000,
,,,00.000000184000,   5.76000,
,,,00.000000184200,   5.84000,
,,,00.000000184400,   5.84000,
,,,00.000000184600,   5.84000,
,,,00.000000184800,   5.84000,
,,,00.000000185000,   5.84000,
,,,00.000000185200,   5.84000,
,,,00.000000185400,   5.84000,
,,,00.000000185600,   5.84000,
,,,00.000000185800,   5.84000,
,,,00.000000186000,   5.84000,
,,,00.000000186200,   5.84000,
,,,00.000000186400,   5.84000,
,,,00.000000186600,   5.84000,
,,,00.000000186800,   5.84000,
,,,00.000000187000,   5.84000,
,,,00.000000187200,   5.92000,
,,,00.000000187400,   5.92000,
,,,00.000000187600,   5.92000,
,,,00.000000187800,   5.92000,
,,,00.000000188000,   5.92000,
,,,00.000000188200,   5.92000,
,,,00.000000188400,   5.84000,
,,,00.000000188600,   5.84000,
,,,00.000000188800,   5.76000,
,,,00.000000189000,   5.76000,
,,,00.000000189200,   5.76000,
,,,00.000000189400,   5.68000,
,,,00.000000189600,   5.68000,
,,,00.000000189800,   5.68000,
,,,00.000000190000,   5.68000,
,,,00.000000190200,   5.76000,
,,,00.000000190400,   5.76000,
,,,00.000000190600,   5.76000,
,,,00.000000190800,   5.76000,
,,,00.000000191000,   5.76000,
,,,00.000000191200,   5.84000,
,,,00.000000191400,   5.76000,
,,,00.000000191600,   5.76000,
,,,00.000000191800,   5.76000,
,,,00.000000192000,   5.76000,
,,,00.000000192200,   5.76000,
,,,00.000000192400,   5.76000,
,,,00.000000192600,   5.76000,
,,,00.000000192800,   5.76000,
,,,00.000000193000,   5.76000,
,,,00.000000193200,   5.84000,
,,,00.000000193400,   5.76000,
,,,00.000000193600,   5.76000,
,,,00.000000193800,   5.76000,
,,,00.000000194000,   5.76000,
,,,00.000000194200,   5.76000,
,,,00.000000194400,   5.76000,
,,,00.000000194600,   5.68000,
,,,00.000000194800,   5.68000,
,,,00.000000195000,   5.76000,
,,,00.000000195200,   5.76000,
,,,00.000000195400,   5.76000,
,,,00.000000195600,   5.76000,
,,,00.000000195800,   5.76000,
,,,00.000000196000,   5.76000,
,,,00.000000196200,   5.84000,
,,,00.000000196400,   5.84000,
,,,00.000000196600,   5.84000,
,,,00.000000196800,   5.84000,
,,,00.000000197000,   5.84000,
,,,00.000000197200,   5.84000,
,,,00.000000197400,   5.76000,
,,,00.000000197600,   5.76000,
,,,00.000000197800,   5.76000,
,,,00.000000198000,   5.76000,
,,,00.000000198200,   5.76000,
,,,00.000000198400,   5.76000,
,,,00.000000198600,   5.68000,
,,,00.000000198800,   5.68000,
,,,00.000000199000,   5.76000,
,,,00.000000199200,   5.76000,
,,,00.000000199400,   5.76000,
,,,00.000000199600,   5.76000,
,,,00.000000199800,   5.76000,
,,,00.000000200000,   5.76000,
,,,00.000000200200,   5.84000,
,,,00.000000200400,   5.84000,
,,,00.000000200600,   5.84000,
,,,00.000000200800,   5.84000,
,,,00.000000201000,   5.84000,
,,,00.000000201200,   5.84000,
,,,00.000000201400,   5.84000,
,,,00.000000201600,   5.84000,
,,,00.000000201800,   5.84000,
,,,00.000000202000,   5.84000,
,,,00.000000202200,   5.92000,
,,,00.000000202400,   5.92000,
,,,00.000000202600,   5.92000,
,,,00.000000202800,   5.92000,
,,,00.000000203000,   5.92000,
,,,00.000000203200,   5.92000,
,,,00.000000203400,   5.92000,
,,,00.000000203600,   5.92000,
,,,00.000000203800,   5.92000,
,,,00.000000204000,   5.92000,
,,,00.000000204200,   5.92000,
,,,00.000000204400,   5.84000,
,,,00.000000204600,   5.84000,
,,,00.000000204800,   5.84000,
,,,00.000000205000,   5.84000,
,,,00.000000205200,   5.84000,
,,,00.000000205400,   5.84000,
,,,00.000000205600,   5.84000,
,,,00.000000205800,   5.84000,
,,,00.000000206000,   5.84000,
,,,00.000000206200,   5.84000,
,,,00.000000206400,   5.84000,
,,,00.000000206600,   5.84000,
,,,00.000000206800,   5.84000,
,,,00.000000207000,   5.84000,
,,,00.000000207200,   5.84000,
,,,00.000000207400,   5.84000,
,,,00.000000207600,   5.84000,
,,,00.000000207800,   5.84000,
,,,00.000000208000,   5.84000,
,,,00.000000208200,   5.92000,
,,,00.000000208400,   5.92000,
,,,00.000000208600,   5.92000,
,,,00.000000208800,   5.92000,
,,,00.000000209000,   5.92000,
,,,00.000000209200,   5.92000,
,,,00.000000209400,   5.84000,
,,,00.000000209600,   5.84000,
,,,00.000000209800,   5.76000,
,,,00.000000210000,   5.76000,
,,,00.000000210200,   5.76000,
,,,00.000000210400,   5.68000,
,,,00.000000210600,   5.68000,
,,,00.000000210800,   5.68000,
,,,00.000000211000,   5.68000,
,,,00.000000211200,   5.76000,
,,,00.000000211400,   5.76000,
,,,00.000000211600,   5.76000,
,,,00.000000211800,   5.76000,
,,,00.000000212000,   5.76000,
,,,00.000000212200,   5.84000,
,,,00.000000212400,   5.76000,
,,,00.000000212600,   5.76000,
,,,00.000000212800,   5.76000,
,,,00.000000213000,   5.76000,
,,,00.000000213200,   5.76000,
,,,00.000000213400,   5.76000,
,,,00.000000213600,   5.76000,
,,,00.000000213800,   5.76000,
,,,00.000000214000,   5.76000,
,,,00.000000214200,   5.84000,
,,,00.000000214400,   5.84000,
,,,00.000000214600,   5.84000,
,,,00.000000214800,   5.84000,
,,,00.000000215000,   5.84000,
,,,00.000000215200,   5.84000,
,,,00.000000215400,   5.76000,
,,,00.000000215600,   5.76000,
,,,00.000000215800,   5.76000,
,,,00.000000216000,   5.76000,
,,,00.000000216200,   5.76000,
,,,00.000000216400,   5.76000,
,,,00.000000216600,   5.68000,
,,,00.000000216800,   5.68000,
,,,00.000000217000,   5.76000,
,,,00.000000217200,   5.76000,
,,,00.000000217400,   5.76000,
,,,00.000000217600,   5.76000,
,,,00.000000217800,   5.76000,
,,,00.000000218000,   5.76000,
,,,00.000000218200,   5.84000,
,,,00.000000218400,   5.84000,
,,,00.000000218600,   5.84000,
,,,00.000000218800,   5.84000,
,,,00.000000219000,   5.84000,
,,,00.000000219200,   5.84000,
,,,00.000000219400,   5.84000,
,,,00.000000219600,   5.84000,
,,,00.000000219800,   5.84000,
,,,00.000000220000,   5.84000,
,,,00.000000220200,   5.84000,
,,,00.000000220400,   5.84000,
,,,00.000000220600,   5.84000,
,,,00.000000220800,   5.84000,
,,,00.000000221000,   5.84000,
,,,00.000000221200,   5.84000,
,,,00.000000221400,   5.84000,
,,,00.000000221600,   5.84000,
,,,00.000000221800,   5.84000,
,,,00.000000222000,   5.84000,
,,,00.000000222200,   5.84000,
,,,00.000000222400,   5.84000,
,,,00.000000222600,   5.84000,
,,,00.000000222800,   5.84000,
,,,00.000000223000,   5.84000,
,,,00.000000223200,   5.84000,
,,,00.000000223400,   5.76000,
,,,00.000000223600,   5.76000,
,,,00.000000223800,   5.76000,
,,,00.000000224000,   5.76000,
,,,00.000000224200,   5.76000,
,,,00.000000224400,   5.76000,
,,,00.000000224600,   5.76000,
,,,00.000000224800,   5.76000,
,,,00.000000225000,   5.76000,
,,,00.000000225200,   5.84000,
,,,00.000000225400,   5.84000,
,,,00.000000225600,   5.84000,
,,,00.000000225800,   5.84000,
,,,00.000000226000,   5.92000,
,,,00.000000226200,   5.92000,
,,,00.000000226400,   5.92000,
,,,00.000000226600,   5.84000,
,,,00.000000226800,   5.84000,
,,,00.000000227000,   5.84000,
,,,00.000000227200,   5.84000,
,,,00.000000227400,   5.76000,
,,,00.000000227600,   5.76000,
,,,00.000000227800,   5.68000,
,,,00.000000228000,   5.68000,
,,,00.000000228200,   5.68000,
,,,00.000000228400,   5.60000,
,,,00.000000228600,   5.60000,
,,,00.000000228800,   5.60000,
,,,00.000000229000,   5.60000,
,,,00.000000229200,   5.68000,
,,,00.000000229400,   5.68000,
,,,00.000000229600,   5.68000,
,,,00.000000229800,   5.76000,
,,,00.000000230000,   5.76000,
,,,00.000000230200,   5.84000,
,,,00.000000230400,   5.84000,
,,,00.000000230600,   5.84000,
,,,00.000000230800,   5.84000,
,,,00.000000231000,   5.92000,
,,,00.000000231200,   5.92000,
,,,00.000000231400,   5.92000,
,,,00.000000231600,   5.84000,
,,,00.000000231800,   5.84000,
,,,00.000000232000,   5.84000,
,,,00.000000232200,   5.84000,
,,,00.000000232400,   5.76000,
,,,00.000000232600,   5.76000,
,,,00.000000232800,   5.76000,
,,,00.000000233000,   5.76000,
,,,00.000000233200,   5.76000,
,,,00.000000233400,   5.76000,
,,,00.000000233600,   5.76000,
,,,00.000000233800,   5.76000,
,,,00.000000234000,   5.76000,
,,,00.000000234200,   5.84000,
,,,00.000000234400,   5.84000,
,,,00.000000234600,   5.84000,
,,,00.000000234800,   5.84000,
,,,00.000000235000,   5.84000,
,,,00.000000235200,   5.92000,
,,,00.000000235400,   5.92000,
,,,00.000000235600,   5.92000,
,,,00.000000235800,   5.92000,
,,,00.000000236000,   5.92000,
,,,00.000000236200,   5.92000,
,,,00.000000236400,   5.84000,
,,,00.000000236600,   5.84000,
,,,00.000000236800,   5.84000,
,,,00.000000237000,   5.84000,
,,,00.000000237200,   5.84000,
,,,00.000000237400,   5.84000,
,,,00.000000237600,   5.84000,
,,,00.000000237800,   5.84000,
,,,00.000000238000,   5.84000,
,,,00.000000238200,   5.84000,
,,,00.000000238400,   5.84000,
,,,00.000000238600,   5.84000,
,,,00.000000238800,   5.84000,
,,,00.000000239000,   5.84000,
,,,00.000000239200,   5.84000,
,,,00.000000239400,   5.84000,
,,,00.000000239600,   5.84000,
,,,00.000000239800,   5.84000,
,,,00.000000240000,   5.84000,
,,,00.000000240200,   5.84000,
,,,00.000000240400,   5.84000,
,,,00.000000240600,   5.84000,
,,,00.000000240800,   5.84000,
,,,00.000000241000,   5.84000,
,,,00.000000241200,   5.84000,
,,,00.000000241400,   5.84000,
,,,00.000000241600,   5.84000,
,,,00.000000241800,   5.84000,
,,,00.000000242000,   5.84000,
,,,00.000000242200,   5.92000,
,,,00.000000242400,   5.92000,
,,,00.000000242600,   5.84000,
,,,00.000000242800,   5.84000,
,,,00.000000243000,   5.84000,
,,,00.000000243200,   5.84000,
,,,00.000000243400,   5.76000,
,,,00.000000243600,   5.76000,
,,,00.000000243800,   5.76000,
,,,00.000000244000,   5.76000,
,,,00.000000244200,   5.76000,
,,,00.000000244400,   5.76000,
,,,00.000000244600,   5.76000,
,,,00.000000244800,   5.76000,
,,,00.000000245000,   5.76000,
,,,00.000000245200,   5.84000,
,,,00.000000245400,   5.76000,
,,,00.000000245600,   5.76000,
,,,00.000000245800,   5.76000,
,,,00.000000246000,   5.76000,
,,,00.000000246200,   5.76000,
,,,00.000000246400,   5.76000,
,,,00.000000246600,   5.76000,
,,,00.000000246800,   5.76000,
,,,00.000000247000,   5.76000,
,,,00.000000247200,   5.84000,
,,,00.000000247400,   5.84000,
,,,00.000000247600,   5.84000,
,,,00.000000247800,   5.84000,
,,,00.000000248000,   5.92000,
,,,00.000000248200,   5.92000,
,,,00.000000248400,   5.92000,
,,,00.000000248600,   5.84000,
,,,00.000000248800,   5.84000,
,,,00.000000249000,   5.84000,
,,,00.000000249200,   5.84000,
,,,00.000000249400,   5.76000,
,,,00.000000249600,   5.76000,
,,,00.000000249800,   5.76000,
,,,00.000000250000,   5.76000,
,,,00.000000250200,   5.76000,
,,,00.000000250400,   5.76000,
,,,00.000000250600,   5.68000,
,,,00.000000250800,   5.68000,
,,,00.000000251000,   5.76000,
,,,00.000000251200,   5.76000,
,,,00.000000251400,   5.76000,
,,,00.000000251600,   5.76000,
,,,00.000000251800,   5.76000,
,,,00.000000252000,   5.76000,
,,,00.000000252200,   5.84000,
,,,00.000000252400,   5.76000,
,,,00.000000252600,   5.76000,
,,,00.000000252800,   5.76000,
,,,00.000000253000,   5.76000,
,,,00.000000253200,   5.76000,
,,,00.000000253400,   5.76000,
,,,00.000000253600,   5.76000,
,,,00.000000253800,   5.76000,
,,,00.000000254000,   5.76000,
,,,00.000000254200,   5.84000,
,,,00.000000254400,   5.84000,
,,,00.000000254600,   5.84000,
,,,00.000000254800,   5.84000,
,,,00.000000255000,   5.84000,
,,,00.000000255200,   5.84000,
,,,00.000000255400,   5.76000,
,,,00.000000255600,   5.76000,
,,,00.000000255800,   5.76000,
,,,00.000000256000,   5.76000,
,,,00.000000256200,   5.76000,
,,,00.000000256400,   5.76000,
,,,00.000000256600,   5.76000,
,,,00.000000256800,   5.76000,
,,,00.000000257000,   5.76000,
,,,00.000000257200,   5.84000,
,,,00.000000257400,   5.84000,
,,,00.000000257600,   5.84000,
,,,00.000000257800,   5.84000,
,,,00.000000258000,   5.92000,
,,,00.000000258200,   5.92000,
,,,00.000000258400,   5.92000,
,,,00.000000258600,   5.84000,
,,,00.000000258800,   5.84000,
,,,00.000000259000,   5.84000,
,,,00.000000259200,   5.84000,
,,,00.000000259400,   5.76000,
,,,00.000000259600,   5.76000,
,,,00.000000259800,   5.76000,
,,,00.000000260000,   5.76000,
,,,00.000000260200,   5.76000,
,,,00.000000260400,   5.76000,
,,,00.000000260600,   5.76000,
,,,00.000000260800,   5.76000,
,,,00.000000261000,   5.76000,
,,,00.000000261200,   5.84000,
,,,00.000000261400,   5.84000,
,,,00.000000261600,   5.84000,
,,,00.000000261800,   5.84000,
,,,00.000000262000,   5.92000,
,,,00.000000262200,   5.92000,
,,,00.000000262400,   5.92000,
,,,00.000000262600,   5.84000,
,,,00.000000262800,   5.84000,
,,,00.000000263000,   5.84000,
,,,00.000000263200,   5.84000,
,,,00.000000263400,   5.76000,
,,,00.000000263600,   5.76000,
,,,00.000000263800,   5.76000,
,,,00.000000264000,   5.76000,
,,,00.000000264200,   5.76000,
,,,00.000000264400,   5.76000,
,,,00.000000264600,   5.76000,
,,,00.000000264800,   5.84000,
,,,00.000000265000,   5.84000,
,,,00.000000265200,   5.92000,
,,,00.000000265400,   5.92000,
,,,00.000000265600,   5.92000,
,,,00.000000265800,   5.92000,
,,,00.000000266000,   5.92000,
,,,00.000000266200,   5.92000,
,,,00.000000266400,   5.84000,
,,,00.000000266600,   5.84000,
,,,00.000000266800,   5.84000,
,,,00.000000267000,   5.84000,
,,,00.000000267200,   5.84000,
,,,00.000000267400,   5.76000,
,,,00.000000267600,   5.76000,
,,,00.000000267800,   5.76000,
,,,00.000000268000,   5.76000,
,,,00.000000268200,   5.76000,
,,,00.000000268400,   5.76000,
,,,00.000000268600,   5.68000,
,,,00.000000268800,   5.68000,
,,,00.000000269000,   5.76000,
,,,00.000000269200,   5.76000,
,,,00.000000269400,   5.76000,
,,,00.000000269600,   5.76000,
,,,00.000000269800,   5.76000,
,,,00.000000270000,   5.76000,
,,,00.000000270200,   5.84000,
,,,00.000000270400,   5.84000,
,,,00.000000270600,   5.84000,
,,,00.000000270800,   5.84000,
,,,00.000000271000,   5.84000,
,,,00.000000271200,   5.84000,
,,,00.000000271400,   5.84000,
,,,00.000000271600,   5.84000,
,,,00.000000271800,   5.84000,
,,,00.000000272000,   5.84000,
,,,00.000000272200,   5.84000,
,,,00.000000272400,   5.84000,
,,,00.000000272600,   5.84000,
,,,00.000000272800,   5.84000,
,,,00.000000273000,   5.84000,
,,,00.000000273200,   5.92000,
,,,00.000000273400,   5.84000,
,,,00.000000273600,   5.84000,
,,,00.000000273800,   5.84000,
,,,00.000000274000,   5.84000,
,,,00.000000274200,   5.84000,
,,,00.000000274400,   5.84000,
,,,00.000000274600,   5.84000,
,,,00.000000274800,   5.84000,
,,,00.000000275000,   5.84000,
,,,00.000000275200,   5.92000,
,,,00.000000275400,   5.92000,
,,,00.000000275600,   5.84000,
,,,00.000000275800,   5.84000,
,,,00.000000276000,   5.84000,
,,,00.000000276200,   5.84000,
,,,00.000000276400,   5.76000,
,,,00.000000276600,   5.76000,
,,,00.000000276800,   5.76000,
,,,00.000000277000,   5.76000,
,,,00.000000277200,   5.76000,
,,,00.000000277400,   5.76000,
,,,00.000000277600,   5.76000,
,,,00.000000277800,   5.76000,
,,,00.000000278000,   5.76000,
,,,00.000000278200,   5.76000,
,,,00.000000278400,   5.76000,
,,,00.000000278600,   5.76000,
,,,00.000000278800,   5.76000,
,,,00.000000279000,   5.76000,
,,,00.000000279200,   5.76000,
,,,00.000000279400,   5.76000,
,,,00.000000279600,   5.76000,
,,,00.000000279800,   5.76000,
,,,00.000000280000,   5.76000,
,,,00.000000280200,   5.84000,
,,,00.000000280400,   5.84000,
,,,00.000000280600,   5.76000,
,,,00.000000280800,   5.76000,
,,,00.000000281000,   5.76000,
,,,00.000000281200,   5.76000,
,,,00.000000281400,   5.68000,
,,,00.000000281600,   5.68000,
,,,00.000000281800,   5.68000,
,,,00.000000282000,   5.68000,
,,,00.000000282200,   5.68000,
,,,00.000000282400,   5.68000,
,,,00.000000282600,   5.68000,
,,,00.000000282800,   5.76000,
,,,00.000000283000,   5.76000,
,,,00.000000283200,   5.84000,
,,,00.000000283400,   5.84000,
,,,00.000000283600,   5.76000,
,,,00.000000283800,   5.76000,
,,,00.000000284000,   5.76000,
,,,00.000000284200,   5.76000,
,,,00.000000284400,   5.76000,
,,,00.000000284600,   5.68000,
,,,00.000000284800,   5.68000,
,,,00.000000285000,   5.76000,
,,,00.000000285200,   5.76000,
,,,00.000000285400,   5.76000,
,,,00.000000285600,   5.76000,
,,,00.000000285800,   5.76000,
,,,00.000000286000,   5.76000,
,,,00.000000286200,   5.84000,
,,,00.000000286400,   5.84000,
,,,00.000000286600,   5.84000,
,,,00.000000286800,   5.84000,
,,,00.000000287000,   5.92000,
,,,00.000000287200,   5.92000,
,,,00.000000287400,   5.92000,
,,,00.000000287600,   5.84000,
,,,00.000000287800,   5.84000,
,,,00.000000288000,   5.84000,
,,,00.000000288200,   5.84000,
,,,00.000000288400,   5.76000,
,,,00.000000288600,   5.76000,
,,,00.000000288800,   5.68000,
,,,00.000000289000,   5.68000,
,,,00.000000289200,   5.68000,
,,,00.000000289400,   5.68000,
,,,00.000000289600,   5.68000,
,,,00.000000289800,   5.68000,
,,,00.000000290000,   5.68000,
,,,00.000000290200,   5.76000,
,,,00.000000290400,   5.76000,
,,,00.000000290600,   5.76000,
,,,00.000000290800,   5.76000,
,,,00.000000291000,   5.76000,
,,,00.000000291200,   5.84000,
,,,00.000000291400,   5.84000,
,,,00.000000291600,   5.84000,
,,,00.000000291800,   5.84000,
,,,00.000000292000,   5.84000,
,,,00.000000292200,   5.84000,
,,,00.000000292400,   5.76000,
,,,00.000000292600,   5.76000,
,,,00.000000292800,   5.76000,
,,,00.000000293000,   5.76000,
,,,00.000000293200,   5.76000,
,,,00.000000293400,   5.76000,
,,,00.000000293600,   5.76000,
,,,00.000000293800,   5.76000,
,,,00.000000294000,   5.76000,
,,,00.000000294200,   5.84000,
,,,00.000000294400,   5.84000,
,,,00.000000294600,   5.84000,
,,,00.000000294800,   5.84000,
,,,00.000000295000,   5.84000,
,,,00.000000295200,   5.84000,
,,,00.000000295400,   5.76000,
,,,00.000000295600,   5.76000,
,,,00.000000295800,   5.68000,
,,,00.000000296000,   5.68000,
,,,00.000000296200,   5.68000,
,,,00.000000296400,   5.68000,
,,,00.000000296600,   5.60000,
,,,00.000000296800,   5.68000,
,,,00.000000297000,   5.68000,
,,,00.000000297200,   5.68000,
,,,00.000000297400,   5.68000,
,,,00.000000297600,   5.68000,
,,,00.000000297800,   5.68000,
,,,00.000000298000,   5.68000,
,,,00.000000298200,   5.68000,
,,,00.000000298400,   5.68000,
,,,00.000000298600,   5.68000,
,,,00.000000298800,   5.68000,
,,,00.000000299000,   5.68000,
,,,00.000000299200,   5.76000,
,,,00.000000299400,   5.76000,
,,,00.000000299600,   5.76000,
,,,00.000000299800,   5.76000,
,,,00.000000300000,   5.76000,
,,,00.000000300200,   5.84000,
,,,00.000000300400,   5.84000,
,,,00.000000300600,   5.84000,
,,,00.000000300800,   5.84000,
,,,00.000000301000,   5.84000,
,,,00.000000301200,   5.84000,
,,,00.000000301400,   5.76000,
,,,00.000000301600,   5.76000,
,,,00.000000301800,   5.76000,
,,,00.000000302000,   5.76000,
,,,00.000000302200,   5.76000,
,,,00.000000302400,   5.76000,
,,,00.000000302600,   5.76000,
,,,00.000000302800,   5.76000,
,,,00.000000303000,   5.76000,
,,,00.000000303200,   5.84000,
,,,00.000000303400,   5.84000,
,,,00.000000303600,   5.84000,
,,,00.000000303800,   5.84000,
,,,00.000000304000,   5.84000,
,,,00.000000304200,   5.84000,
,,,00.000000304400,   5.84000,
,,,00.000000304600,   5.84000,
,,,00.000000304800,   5.84000,
,,,00.000000305000,   5.84000,
,,,00.000000305200,   5.84000,
,,,00.000000305400,   5.84000,
,,,00.000000305600,   5.84000,
,,,00.000000305800,   5.84000,
,,,00.000000306000,   5.84000,
,,,00.000000306200,   5.84000,
,,,00.000000306400,   5.84000,
,,,00.000000306600,   5.84000,
,,,00.000000306800,   5.84000,
,,,00.000000307000,   5.84000,
,,,00.000000307200,   5.84000,
,,,00.000000307400,   5.84000,
,,,00.000000307600,   5.84000,
,,,00.000000307800,   5.84000,
,,,00.000000308000,   5.84000,
,,,00.000000308200,   5.92000,
,,,00.000000308400,   5.84000,
,,,00.000000308600,   5.84000,
,,,00.000000308800,   5.84000,
,,,00.000000309000,   5.84000,
,,,00.000000309200,   5.84000,
,,,00.000000309400,   5.84000,
,,,00.000000309600,   5.76000,
,,,00.000000309800,   5.76000,
,,,00.000000310000,   5.84000,
,,,00.000000310200,   5.84000,
,,,00.000000310400,   5.84000,
,,,00.000000310600,   5.84000,
,,,00.000000310800,   5.84000,
,,,00.000000311000,   5.84000,
,,,00.000000311200,   5.92000,
,,,00.000000311400,   5.84000,
,,,00.000000311600,   5.84000,
,,,00.000000311800,   5.84000,
,,,00.000000312000,   5.84000,
,,,00.000000312200,   5.84000,
,,,00.000000312400,   5.84000,
,,,00.000000312600,   5.84000,
,,,00.000000312800,   5.84000,
,,,00.000000313000,   5.84000,
,,,00.000000313200,   5.84000,
,,,00.000000313400,   5.84000,
,,,00.000000313600,   5.84000,
,,,00.000000313800,   5.84000,
,,,00.000000314000,   5.84000,
,,,00.000000314200,   5.84000,
,,,00.000000314400,   5.84000,
,,,00.000000314600,   5.84000,
,,,00.000000314800,   5.84000,
,,,00.000000315000,   5.84000,
,,,00.000000315200,   5.84000,
,,,00.000000315400,   5.84000,
,,,00.000000315600,   5.84000,
,,,00.000000315800,   5.84000,
,,,00.000000316000,   5.84000,
,,,00.000000316200,   5.84000,
,,,00.000000316400,   5.76000,
,,,00.000000316600,   5.76000,
,,,00.000000316800,   5.76000,
,,,00.000000317000,   5.76000,
,,,00.000000317200,   5.76000,
,,,00.000000317400,   5.76000,
,,,00.000000317600,   5.68000,
,,,00.000000317800,   5.68000,
,,,00.000000318000,   5.76000,
,,,00.000000318200,   5.76000,
,,,00.000000318400,   5.76000,
,,,00.000000318600,   5.76000,
,,,00.000000318800,   5.76000,
,,,00.000000319000,   5.76000,
,,,00.000000319200,   5.84000,
,,,00.000000319400,   5.84000,
,,,00.000000319600,   5.84000,
,,,00.000000319800,   5.84000,
,,,00.000000320000,   5.84000,
,,,00.000000320200,   5.84000,
,,,00.000000320400,   5.84000,
,,,00.000000320600,   5.84000,
,,,00.000000320800,   5.84000,
,,,00.000000321000,   5.84000,
,,,00.000000321200,   5.84000,
,,,00.000000321400,   5.84000,
,,,00.000000321600,   5.84000,
,,,00.000000321800,   5.84000,
,,,00.000000322000,   5.84000,
,,,00.000000322200,   5.84000,
,,,00.000000322400,   5.84000,
,,,00.000000322600,   5.84000,
,,,00.000000322800,   5.84000,
,,,00.000000323000,   5.84000,
,,,00.000000323200,   5.84000,
,,,00.000000323400,   5.84000,
,,,00.000000323600,   5.84000,
,,,00.000000323800,   5.84000,
,,,00.000000324000,   5.84000,
,,,00.000000324200,   5.84000,
,,,00.000000324400,   5.84000,
,,,00.000000324600,   5.84000,
,,,00.000000324800,   5.84000,
,,,00.000000325000,   5.92000,
,,,00.000000325200,   5.92000,
,,,00.000000325400,   5.84000,
,,,00.000000325600,   5.84000,
,,,00.000000325800,   5.76000,
,,,00.000000326000,   5.76000,
,,,00.000000326200,   5.76000,
,,,00.000000326400,   5.68000,
,,,00.000000326600,   5.68000,
,,,00.000000326800,   5.68000,
,,,00.000000327000,   5.68000,
,,,00.000000327200,   5.76000,
,,,00.000000327400,   5.76000,
,,,00.000000327600,   5.76000,
,,,00.000000327800,   5.76000,
,,,00.000000328000,   5.76000,
,,,00.000000328200,   5.84000,
,,,00.000000328400,   5.84000,
,,,00.000000328600,   5.84000,
,,,00.000000328800,   5.84000,
,,,00.000000329000,   5.84000,
,,,00.000000329200,   5.84000,
,,,00.000000329400,   5.76000,
,,,00.000000329600,   5.76000,
,,,00.000000329800,   5.76000,
,,,00.000000330000,   5.76000,
,,,00.000000330200,   5.76000,
,,,00.000000330400,   5.76000,
,,,00.000000330600,   5.76000,
,,,00.000000330800,   5.76000,
,,,00.000000331000,   5.76000,
,,,00.000000331200,   5.76000,
,,,00.000000331400,   5.76000,
,,,00.000000331600,   5.76000,
,,,00.000000331800,   5.76000,
,,,00.000000332000,   5.76000,
,,,00.000000332200,   5.76000,
,,,00.000000332400,   5.76000,
,,,00.000000332600,   5.76000,
,,,00.000000332800,   5.76000,
,,,00.000000333000,   5.76000,
,,,00.000000333200,   5.76000,
,,,00.000000333400,   5.76000,
,,,00.000000333600,   5.76000,
,,,00.000000333800,   5.76000,
,,,00.000000334000,   5.76000,
,,,00.000000334200,   5.76000,
,,,00.000000334400,   5.76000,
,,,00.000000334600,   5.68000,
,,,00.000000334800,   5.68000,
,,,00.000000335000,   5.76000,
,,,00.000000335200,   5.76000,
,,,00.000000335400,   5.76000,
,,,00.000000335600,   5.76000,
,,,00.000000335800,   5.84000,
,,,00.000000336000,   5.84000,
,,,00.000000336200,   5.92000,
,,,00.000000336400,   5.92000,
,,,00.000000336600,   5.92000,
,,,00.000000336800,   5.92000,
,,,00.000000337000,   5.92000,
,,,00.000000337200,   5.92000,
,,,00.000000337400,   5.84000,
,,,00.000000337600,   5.84000,
,,,00.000000337800,   5.76000,
,,,00.000000338000,   5.76000,
,,,00.000000338200,   5.76000,
,,,00.000000338400,   5.68000,
,,,00.000000338600,   5.68000,
,,,00.000000338800,   5.68000,
,,,00.000000339000,   5.68000,
,,,00.000000339200,   5.76000,
,,,00.000000339400,   5.76000,
,,,00.000000339600,   5.76000,
,,,00.000000339800,   5.76000,
,,,00.000000340000,   5.76000,
,,,00.000000340200,   5.84000,
,,,00.000000340400,   5.84000,
,,,00.000000340600,   5.84000,
,,,00.000000340800,   5.84000,
,,,00.000000341000,   5.84000,
,,,00.000000341200,   5.84000,
,,,00.000000341400,   5.84000,
,,,00.000000341600,   5.84000,
,,,00.000000341800,   5.84000,
,,,00.000000342000,   5.84000,
,,,00.000000342200,   5.84000,
,,,00.000000342400,   5.84000,
,,,00.000000342600,   5.84000,
,,,00.000000342800,   5.84000,
,,,00.000000343000,   5.84000,
,,,00.000000343200,   5.84000,
,,,00.000000343400,   5.76000,
,,,00.000000343600,   5.76000,
,,,00.000000343800,   5.76000,
,,,00.000000344000,   5.76000,
,,,00.000000344200,   5.76000,
,,,00.000000344400,   5.68000,
,,,00.000000344600,   5.68000,
,,,00.000000344800,   5.68000,
,,,00.000000345000,   5.68000,
,,,00.000000345200,   5.76000,
,,,00.000000345400,   5.76000,
,,,00.000000345600,   5.76000,
,,,00.000000345800,   5.84000,
,,,00.000000346000,   5.84000,
,,,00.000000346200,   5.92000,
,,,00.000000346400,   5.92000,
,,,00.000000346600,   5.92000,
,,,00.000000346800,   5.92000,
,,,00.000000347000,   5.92000,
,,,00.000000347200,   5.92000,
,,,00.000000347400,   5.84000,
,,,00.000000347600,   5.84000,
,,,00.000000347800,   5.84000,
,,,00.000000348000,   5.84000,
,,,00.000000348200,   5.84000,
,,,00.000000348400,   5.84000,
,,,00.000000348600,   5.84000,
,,,00.000000348800,   5.84000,
,,,00.000000349000,   5.84000,
,,,00.000000349200,   5.84000,
,,,00.000000349400,   5.84000,
,,,00.000000349600,   5.84000,
,,,00.000000349800,   5.84000,
,,,00.000000350000,   5.84000,
,,,00.000000350200,   5.84000,
,,,00.000000350400,   5.84000,
,,,00.000000350600,   5.84000,
,,,00.000000350800,   5.84000,
,,,00.000000351000,   5.84000,
,,,00.000000351200,   5.84000,
,,,00.000000351400,   5.84000,
,,,00.000000351600,   5.84000,
,,,00.000000351800,   5.84000,
,,,00.000000352000,   5.84000,
,,,00.000000352200,   5.84000,
,,,00.000000352400,   5.76000,
,,,00.000000352600,   5.76000,
,,,00.000000352800,   5.76000,
,,,00.000000353000,   5.76000,
,,,00.000000353200,   5.76000,
,,,00.000000353400,   5.76000,
,,,00.000000353600,   5.68000,
,,,00.000000353800,   5.68000,
,,,00.000000354000,   5.76000,
,,,00.000000354200,   5.76000,
,,,00.000000354400,   5.76000,
,,,00.000000354600,   5.76000,
,,,00.000000354800,   5.76000,
,,,00.000000355000,   5.76000,
,,,00.000000355200,   5.84000,
,,,00.000000355400,   5.84000,
,,,00.000000355600,   5.84000,
,,,00.000000355800,   5.84000,
,,,00.000000356000,   5.84000,
,,,00.000000356200,   5.84000,
,,,00.000000356400,   5.84000,
,,,00.000000356600,   5.84000,
,,,00.000000356800,   5.84000,
,,,00.000000357000,   5.84000,
,,,00.000000357200,   5.84000,
,,,00.000000357400,   5.84000,
,,,00.000000357600,   5.84000,
,,,00.000000357800,   5.84000,
,,,00.000000358000,   5.84000,
,,,00.000000358200,   5.84000,
,,,00.000000358400,   5.76000,
,,,00.000000358600,   5.76000,
,,,00.000000358800,   5.76000,
,,,00.000000359000,   5.76000,
,,,00.000000359200,   5.76000,
,,,00.000000359400,   5.76000,
,,,00.000000359600,   5.68000,
,,,00.000000359800,   5.68000,
,,,00.000000360000,   5.76000,
,,,00.000000360200,   5.76000,
,,,00.000000360400,   5.76000,
,,,00.000000360600,   5.76000,
,,,00.000000360800,   5.76000,
,,,00.000000361000,   5.76000,
,,,00.000000361200,   5.84000,
,,,00.000000361400,   5.84000,
,,,00.000000361600,   5.84000,
,,,00.000000361800,   5.84000,
,,,00.000000362000,   5.84000,
,,,00.000000362200,   5.84000,
,,,00.000000362400,   5.84000,
,,,00.000000362600,   5.84000,
,,,00.000000362800,   5.84000,
,,,00.000000363000,   5.84000,
,,,00.000000363200,   5.84000,
,,,00.000000363400,   5.84000,
,,,00.000000363600,   5.84000,
,,,00.000000363800,   5.84000,
,,,00.000000364000,   5.84000,
,,,00.000000364200,   5.84000,
,,,00.000000364400,   5.76000,
,,,00.000000364600,   5.76000,
,,,00.000000364800,   5.76000,
,,,00.000000365000,   5.76000,
,,,00.000000365200,   5.76000,
,,,00.000000365400,   5.76000,
,,,00.000000365600,   5.76000,
,,,00.000000365800,   5.76000,
,,,00.000000366000,   5.76000,
,,,00.000000366200,   5.76000,
,,,00.000000366400,   5.76000,
,,,00.000000366600,   5.76000,
,,,00.000000366800,   5.76000,
,,,00.000000367000,   5.76000,
,,,00.000000367200,   5.76000,
,,,00.000000367400,   5.68000,
,,,00.000000367600,   5.68000,
,,,00.000000367800,   5.68000,
,,,00.000000368000,   5.68000,
,,,00.000000368200,   5.68000,
,,,00.000000368400,   5.68000,
,,,00.000000368600,   5.68000,
,,,00.000000368800,   5.68000,
,,,00.000000369000,   5.68000,
,,,00.000000369200,   5.76000,
,,,00.000000369400,   5.76000,
,,,00.000000369600,   5.76000,
,,,00.000000369800,   5.76000,
,,,00.000000370000,   5.76000,
,,,00.000000370200,   5.84000,
,,,00.000000370400,   5.84000,
,,,00.000000370600,   5.84000,
,,,00.000000370800,   5.84000,
,,,00.000000371000,   5.84000,
,,,00.000000371200,   5.84000,
,,,00.000000371400,   5.84000,
,,,00.000000371600,   5.84000,
,,,00.000000371800,   5.84000,
,,,00.000000372000,   5.84000,
,,,00.000000372200,   5.84000,
,,,00.000000372400,   5.84000,
,,,00.000000372600,   5.84000,
,,,00.000000372800,   5.84000,
,,,00.000000373000,   5.84000,
,,,00.000000373200,   5.84000,
,,,00.000000373400,   5.84000,
,,,00.000000373600,   5.84000,
,,,00.000000373800,   5.84000,
,,,00.000000374000,   5.84000,
,,,00.000000374200,   5.84000,
,,,00.000000374400,   5.76000,
,,,00.000000374600,   5.76000,
,,,00.000000374800,   5.76000,
,,,00.000000375000,   5.76000,
,,,00.000000375200,   5.76000,
,,,00.000000375400,   5.76000,
,,,00.000000375600,   5.76000,
,,,00.000000375800,   5.76000,
,,,00.000000376000,   5.76000,
,,,00.000000376200,   5.76000,
,,,00.000000376400,   5.76000,
,,,00.000000376600,   5.76000,
,,,00.000000376800,   5.76000,
,,,00.000000377000,   5.76000,
,,,00.000000377200,   5.76000,
,,,00.000000377400,   5.76000,
,,,00.000000377600,   5.76000,
,,,00.000000377800,   5.76000,
,,,00.000000378000,   5.76000,
,,,00.000000378200,   5.84000,
,,,00.000000378400,   5.84000,
,,,00.000000378600,   5.84000,
,,,00.000000378800,   5.84000,
,,,00.000000379000,   5.84000,
,,,00.000000379200,   5.84000,
,,,00.000000379400,   5.84000,
,,,00.000000379600,   5.84000,
,,,00.000000379800,   5.84000,
,,,00.000000380000,   5.84000,
,,,00.000000380200,   5.84000,
,,,00.000000380400,   5.76000,
,,,00.000000380600,   5.76000,
,,,00.000000380800,   5.76000,
,,,00.000000381000,   5.76000,
,,,00.000000381200,   5.76000,
,,,00.000000381400,   5.76000,
,,,00.000000381600,   5.68000,
,,,00.000000381800,   5.68000,
,,,00.000000382000,   5.76000,
,,,00.000000382200,   5.76000,
,,,00.000000382400,   5.76000,
,,,00.000000382600,   5.76000,
,,,00.000000382800,   5.76000,
,,,00.000000383000,   5.76000,
,,,00.000000383200,   5.84000,
,,,00.000000383400,   5.84000,
,,,00.000000383600,   5.84000,
,,,00.000000383800,   5.84000,
,,,00.000000384000,   5.84000,
,,,00.000000384200,   5.84000,
,,,00.000000384400,   5.76000,
,,,00.000000384600,   5.76000,
,,,00.000000384800,   5.76000,
,,,00.000000385000,   5.76000,
,,,00.000000385200,   5.76000,
,,,00.000000385400,   5.76000,
,,,00.000000385600,   5.76000,
,,,00.000000385800,   5.76000,
,,,00.000000386000,   5.76000,
,,,00.000000386200,   5.76000,
,,,00.000000386400,   5.76000,
,,,00.000000386600,   5.76000,
,,,00.000000386800,   5.76000,
,,,00.000000387000,   5.76000,
,,,00.000000387200,   5.76000,
,,,00.000000387400,   5.76000,
,,,00.000000387600,   5.76000,
,,,00.000000387800,   5.76000,
,,,00.000000388000,   5.76000,
,,,00.000000388200,   5.76000,
,,,00.000000388400,   5.76000,
,,,00.000000388600,   5.76000,
,,,00.000000388800,   5.76000,
,,,00.000000389000,   5.76000,
,,,00.000000389200,   5.76000,
,,,00.000000389400,   5.76000,
,,,00.000000389600,   5.76000,
,,,00.000000389800,   5.76000,
,,,00.000000390000,   5.76000,
,,,00.000000390200,   5.76000,
,,,00.000000390400,   5.76000,
,,,00.000000390600,   5.76000,
,,,00.000000390800,   5.76000,
,,,00.000000391000,   5.76000,
,,,00.000000391200,   5.84000,
,,,00.000000391400,   5.76000,
,,,00.000000391600,   5.76000,
,,,00.000000391800,   5.76000,
,,,00.000000392000,   5.76000,
,,,00.000000392200,   5.76000,
,,,00.000000392400,   5.76000,
,,,00.000000392600,   5.68000,
,,,00.000000392800,   5.68000,
,,,00.000000393000,   5.76000,
,,,00.000000393200,   5.76000,
,,,00.000000393400,   5.76000,
,,,00.000000393600,   5.76000,
,,,00.000000393800,   5.76000,
,,,00.000000394000,   5.76000,
,,,00.000000394200,   5.84000,
,,,00.000000394400,   5.76000,
,,,00.000000394600,   5.76000,
,,,00.000000394800,   5.76000,
,,,00.000000395000,   5.76000,
,,,00.000000395200,   5.76000,
,,,00.000000395400,   5.76000,
,,,00.000000395600,   5.68000,
,,,00.000000395800,   5.68000,
,,,00.000000396000,   5.76000,
,,,00.000000396200,   5.76000,
,,,00.000000396400,   5.76000,
,,,00.000000396600,   5.76000,
,,,00.000000396800,   5.76000,
,,,00.000000397000,   5.76000,
,,,00.000000397200,   5.84000,
,,,00.000000397400,   5.76000,
,,,00.000000397600,   5.76000,
,,,00.000000397800,   5.76000,
,,,00.000000398000,   5.76000,
,,,00.000000398200,   5.76000,
,,,00.000000398400,   5.76000,
,,,00.000000398600,   5.68000,
,,,00.000000398800,   5.68000,
,,,00.000000399000,   5.76000,
,,,00.000000399200,   5.76000,
,,,00.000000399400,   5.76000,
,,,00.000000399600,   5.76000,
,,,00.000000399800,   5.76000,
,,,00.000000400000,   5.76000,
,,,00.000000400200,   5.84000,
,,,00.000000400400,   5.84000,
,,,00.000000400600,   5.84000,
,,,00.000000400800,   5.84000,
,,,00.000000401000,   5.84000,
,,,00.000000401200,   5.84000,
,,,00.000000401400,   5.76000,
,,,00.000000401600,   5.76000,
,,,00.000000401800,   5.76000,
,,,00.000000402000,   5.76000,
,,,00.000000402200,   5.76000,
,,,00.000000402400,   5.76000,
,,,00.000000402600,   5.76000,
,,,00.000000402800,   5.76000,
,,,00.000000403000,   5.76000,
,,,00.000000403200,   5.84000,
,,,00.000000403400,   5.84000,
,,,00.000000403600,   5.84000,
,,,00.000000403800,   5.84000,
,,,00.000000404000,   5.84000,
,,,00.000000404200,   5.84000,
,,,00.000000404400,   5.76000,
,,,00.000000404600,   5.76000,
,,,00.000000404800,   5.76000,
,,,00.000000405000,   5.76000,
,,,00.000000405200,   5.76000,
,,,00.000000405400,   5.76000,
,,,00.000000405600,   5.76000,
,,,00.000000405800,   5.76000,
,,,00.000000406000,   5.76000,
,,,00.000000406200,   5.84000,
,,,00.000000406400,   5.84000,
,,,00.000000406600,   5.84000,
,,,00.000000406800,   5.84000,
,,,00.000000407000,   5.92000,
,,,00.000000407200,   5.92000,
,,,00.000000407400,   5.84000,
,,,00.000000407600,   5.84000,
,,,00.000000407800,   5.84000,
,,,00.000000408000,   5.84000,
,,,00.000000408200,   5.84000,
,,,00.000000408400,   5.84000,
,,,00.000000408600,   5.84000,
,,,00.000000408800,   5.84000,
,,,00.000000409000,   5.84000,
,,,00.000000409200,   5.84000,
,,,00.000000409400,   5.84000,
,,,00.000000409600,   5.84000,
,,,00.000000409800,   5.84000,
,,,00.000000410000,   5.84000,
,,,00.000000410200,   5.84000,
,,,00.000000410400,   5.76000,
,,,00.000000410600,   5.76000,
,,,00.000000410800,   5.76000,
,,,00.000000411000,   5.76000,
,,,00.000000411200,   5.76000,
,,,00.000000411400,   5.76000,
,,,00.000000411600,   5.68000,
,,,00.000000411800,   5.68000,
,,,00.000000412000,   5.76000,
,,,00.000000412200,   5.76000,
,,,00.000000412400,   5.76000,
,,,00.000000412600,   5.76000,
,,,00.000000412800,   5.76000,
,,,00.000000413000,   5.76000,
,,,00.000000413200,   5.84000,
,,,00.000000413400,   5.76000,
,,,00.000000413600,   5.76000,
,,,00.000000413800,   5.76000,
,,,00.000000414000,   5.76000,
,,,00.000000414200,   5.76000,
,,,00.000000414400,   5.76000,
,,,00.000000414600,   5.76000,
,,,00.000000414800,   5.76000,
,,,00.000000415000,   5.76000,
,,,00.000000415200,   5.84000,
,,,00.000000415400,   5.84000,
,,,00.000000415600,   5.76000,
,,,00.000000415800,   5.76000,
,,,00.000000416000,   5.76000,
,,,00.000000416200,   5.76000,
,,,00.000000416400,   5.68000,
,,,00.000000416600,   5.68000,
,,,00.000000416800,   5.68000,
,,,00.000000417000,   5.68000,
,,,00.000000417200,   5.68000,
,,,00.000000417400,   5.68000,
,,,00.000000417600,   5.68000,
,,,00.000000417800,   5.76000,
,,,00.000000418000,   5.76000,
,,,00.000000418200,   5.84000,
,,,00.000000418400,   5.84000,
,,,00.000000418600,   5.84000,
,,,00.000000418800,   5.84000,
,,,00.000000419000,   5.84000,
,,,00.000000419200,   5.84000,
,,,00.000000419400,   5.76000,
,,,00.000000419600,   5.76000,
,,,00.000000419800,   5.76000,
,,,00.000000420000,   5.76000,
,,,00.000000420200,   5.76000,
,,,00.000000420400,   5.76000,
,,,00.000000420600,   5.76000,
,,,00.000000420800,   5.76000,
,,,00.000000421000,   5.76000,
,,,00.000000421200,   5.84000,
,,,00.000000421400,   5.84000,
,,,00.000000421600,   5.84000,
,,,00.000000421800,   5.84000,
,,,00.000000422000,   5.84000,
,,,00.000000422200,   5.84000,
,,,00.000000422400,   5.84000,
,,,00.000000422600,   5.84000,
,,,00.000000422800,   5.84000,
,,,00.000000423000,   5.84000,
,,,00.000000423200,   5.84000,
,,,00.000000423400,   5.84000,
,,,00.000000423600,   5.84000,
,,,00.000000423800,   5.84000,
,,,00.000000424000,   5.84000,
,,,00.000000424200,   5.84000,
,,,00.000000424400,   5.76000,
,,,00.000000424600,   5.76000,
,,,00.000000424800,   5.76000,
,,,00.000000425000,   5.76000,
,,,00.000000425200,   5.76000,
,,,00.000000425400,   5.76000,
,,,00.000000425600,   5.68000,
,,,00.000000425800,   5.68000,
,,,00.000000426000,   5.76000,
,,,00.000000426200,   5.76000,
,,,00.000000426400,   5.76000,
,,,00.000000426600,   5.76000,
,,,00.000000426800,   5.76000,
,,,00.000000427000,   5.76000,
,,,00.000000427200,   5.84000,
,,,00.000000427400,   5.76000,
,,,00.000000427600,   5.76000,
,,,00.000000427800,   5.76000,
,,,00.000000428000,   5.76000,
,,,00.000000428200,   5.76000,
,,,00.000000428400,   5.76000,
,,,00.000000428600,   5.76000,
,,,00.000000428800,   5.76000,
,,,00.000000429000,   5.76000,
,,,00.000000429200,   5.84000,
,,,00.000000429400,   5.84000,
,,,00.000000429600,   5.84000,
,,,00.000000429800,   5.84000,
,,,00.000000430000,   5.84000,
,,,00.000000430200,   5.84000,
,,,00.000000430400,   5.76000,
,,,00.000000430600,   5.76000,
,,,00.000000430800,   5.76000,
,,,00.000000431000,   5.76000,
,,,00.000000431200,   5.76000,
,,,00.000000431400,   5.76000,
,,,00.000000431600,   5.76000,
,,,00.000000431800,   5.76000,
,,,00.000000432000,   5.76000,
,,,00.000000432200,   5.76000,
,,,00.000000432400,   5.76000,
,,,00.000000432600,   5.76000,
,,,00.000000432800,   5.76000,
,,,00.000000433000,   5.76000,
,,,00.000000433200,   5.76000,
,,,00.000000433400,   5.76000,
,,,00.000000433600,   5.76000,
,,,00.000000433800,   5.76000,
,,,00.000000434000,   5.76000,
,,,00.000000434200,   5.84000,
,,,00.000000434400,   5.84000,
,,,00.000000434600,   5.84000,
,,,00.000000434800,   5.84000,
,,,00.000000435000,   5.84000,
,,,00.000000435200,   5.84000,
,,,00.000000435400,   5.76000,
,,,00.000000435600,   5.76000,
,,,00.000000435800,   5.76000,
,,,00.000000436000,   5.76000,
,,,00.000000436200,   5.76000,
,,,00.000000436400,   5.76000,
,,,00.000000436600,   5.68000,
,,,00.000000436800,   5.68000,
,,,00.000000437000,   5.76000,
,,,00.000000437200,   5.76000,
,,,00.000000437400,   5.76000,
,,,00.000000437600,   5.76000,
,,,00.000000437800,   5.76000,
,,,00.000000438000,   5.76000,
,,,00.000000438200,   5.84000,
,,,00.000000438400,   5.84000,
,,,00.000000438600,   5.84000,
,,,00.000000438800,   5.84000,
,,,00.000000439000,   5.84000,
,,,00.000000439200,   5.84000,
,,,00.000000439400,   5.84000,
,,,00.000000439600,   5.84000,
,,,00.000000439800,   5.84000,
,,,00.000000440000,   5.84000,
,,,00.000000440200,   5.84000,
,,,00.000000440400,   5.76000,
,,,00.000000440600,   5.76000,
,,,00.000000440800,   5.76000,
,,,00.000000441000,   5.76000,
,,,00.000000441200,   5.76000,
,,,00.000000441400,   5.68000,
,,,00.000000441600,   5.68000,
,,,00.000000441800,   5.68000,
,,,00.000000442000,   5.68000,
,,,00.000000442200,   5.68000,
,,,00.000000442400,   5.68000,
,,,00.000000442600,   5.68000,
,,,00.000000442800,   5.68000,
,,,00.000000443000,   5.68000,
,,,00.000000443200,   5.76000,
,,,00.000000443400,   5.76000,
,,,00.000000443600,   5.76000,
,,,00.000000443800,   5.76000,
,,,00.000000444000,   5.76000,
,,,00.000000444200,   5.76000,
,,,00.000000444400,   5.76000,
,,,00.000000444600,   5.76000,
,,,00.000000444800,   5.76000,
,,,00.000000445000,   5.76000,
,,,00.000000445200,   5.84000,
,,,00.000000445400,   5.76000,
,,,00.000000445600,   5.76000,
,,,00.000000445800,   5.76000,
,,,00.000000446000,   5.76000,
,,,00.000000446200,   5.76000,
,,,00.000000446400,   5.76000,
,,,00.000000446600,   5.76000,
,,,00.000000446800,   5.76000,
,,,00.000000447000,   5.76000,
,,,00.000000447200,   5.84000,
,,,00.000000447400,   5.76000,
,,,00.000000447600,   5.76000,
,,,00.000000447800,   5.76000,
,,,00.000000448000,   5.76000,
,,,00.000000448200,   5.76000,
,,,00.000000448400,   5.76000,
,,,00.000000448600,   5.68000,
,,,00.000000448800,   5.68000,
,,,00.000000449000,   5.76000,
,,,00.000000449200,   5.76000,
,,,00.000000449400,   5.76000,
,,,00.000000449600,   5.76000,
,,,00.000000449800,   5.76000,
,,,00.000000450000,   5.76000,
,,,00.000000450200,   5.84000,
,,,00.000000450400,   5.76000,
,,,00.000000450600,   5.76000,
,,,00.000000450800,   5.76000,
,,,00.000000451000,   5.76000,
,,,00.000000451200,   5.76000,
,,,00.000000451400,   5.76000,
,,,00.000000451600,   5.76000,
,,,00.000000451800,   5.76000,
,,,00.000000452000,   5.76000,
,,,00.000000452200,   5.84000,
,,,00.000000452400,   5.84000,
,,,00.000000452600,   5.84000,
,,,00.000000452800,   5.84000,
,,,00.000000453000,   5.84000,
,,,00.000000453200,   5.84000,
,,,00.000000453400,   5.76000,
,,,00.000000453600,   5.76000,
,,,00.000000453800,   5.76000,
,,,00.000000454000,   5.76000,
,,,00.000000454200,   5.76000,
,,,00.000000454400,   5.68000,
,,,00.000000454600,   5.68000,
,,,00.000000454800,   5.68000,
,,,00.000000455000,   5.68000,
,,,00.000000455200,   5.68000,
,,,00.000000455400,   5.68000,
,,,00.000000455600,   5.68000,
,,,00.000000455800,   5.68000,
,,,00.000000456000,   5.68000,
,,,00.000000456200,   5.76000,
,,,00.000000456400,   5.76000,
,,,00.000000456600,   5.76000,
,,,00.000000456800,   5.76000,
,,,00.000000457000,   5.84000,
,,,00.000000457200,   5.84000,
,,,00.000000457400,   5.76000,
,,,00.000000457600,   5.76000,
,,,00.000000457800,   5.76000,
,,,00.000000458000,   5.76000,
,,,00.000000458200,   5.76000,
,,,00.000000458400,   5.76000,
,,,00.000000458600,   5.68000,
,,,00.000000458800,   5.68000,
,,,00.000000459000,   5.76000,
,,,00.000000459200,   5.76000,
,,,00.000000459400,   5.76000,
,,,00.000000459600,   5.76000,
,,,00.000000459800,   5.76000,
,,,00.000000460000,   5.76000,
,,,00.000000460200,   5.84000,
,,,00.000000460400,   5.84000,
,,,00.000000460600,   5.84000,
,,,00.000000460800,   5.84000,
,,,00.000000461000,   5.84000,
,,,00.000000461200,   5.84000,
,,,00.000000461400,   5.76000,
,,,00.000000461600,   5.76000,
,,,00.000000461800,   5.76000,
,,,00.000000462000,   5.76000,
,,,00.000000462200,   5.76000,
,,,00.000000462400,   5.76000,
,,,00.000000462600,   5.76000,
,,,00.000000462800,   5.76000,
,,,00.000000463000,   5.76000,
,,,00.000000463200,   5.84000,
,,,00.000000463400,   5.84000,
,,,00.000000463600,   5.84000,
,,,00.000000463800,   5.84000,
,,,00.000000464000,   5.84000,
,,,00.000000464200,   5.84000,
,,,00.000000464400,   5.84000,
,,,00.000000464600,   5.84000,
,,,00.000000464800,   5.84000,
,,,00.000000465000,   5.84000,
,,,00.000000465200,   5.84000,
,,,00.000000465400,   5.76000,
,,,00.000000465600,   5.76000,
,,,00.000000465800,   5.76000,
,,,00.000000466000,   5.76000,
,,,00.000000466200,   5.76000,
,,,00.000000466400,   5.76000,
,,,00.000000466600,   5.76000,
,,,00.000000466800,   5.76000,
,,,00.000000467000,   5.76000,
,,,00.000000467200,   5.84000,
,,,00.000000467400,   5.76000,
,,,00.000000467600,   5.76000,
,,,00.000000467800,   5.76000,
